time;PWV APEX;PWV UCSC;Humedad;Temperatura
1689228060;0.477441036;0.445722525;24.9;-9.8
1689249660;0.593098306;0.553125972;4.5;-9.3
1689271260;0.776559556;0.712581222;4.3;-4.2
1689292860;0.622558622;0.56855765;7.6;-3.6
1689314460;0.634542203;0.510059067;9.8;-7.6
1689336060;0.773861939;0.615135492;9.7;-7.5
1689357660;0.843923436;0.682997614;7.5;-3.4
1689379260;0.904282558;0.743662511;6.6;-3.6
1689400860;0.970917033;0.757435131;12.7;-8.2
1689422460;1.017183833;0.832951731;8.8;-8.9
1689444060;1.0918989;0.925111922;5.6;-4.4
1689465660;1.198791614;1.135960575;8.5;-4.7
1689487260;1.253654967;1.052705464;9.8;-7.2
1689508860;1.144059714;1.004807975;4.0;-7.7
1689530460;1.154446014;1.046541756;4.5;-3.2
1689552060;1.397708117;1.298915433;16.8;-4.5
1689573660;1.189020153;1.007219294;26.0;-8.3
1689595260;1.284668658;1.102173214;20.8;-9.7
1689616860;1.380954678;1.280484019;15.7;-5.0
1689638460;1.08091875;0.966227383;19.5;-4.7
1689660060;0.417326019;0.325098569;17.8;-8.2
1689681660;0.374854906;0.281979631;5.9;-7.2
1689703260;0.775630758;0.637860064;3.3;-2.3
1689724860;1.009333106;0.852558328;4.8;-2.7
1689746460;1.221850853;1.029859808;9.1;-7.2
1689768060;1.808160442;1.635373192;5.4;-6.3
1689789660;2.288295669;1.973428311;11.5;0.3
1689811260;2.0846092;1.827614244;13.3;0.0
1689832860;2.009065706;1.768102458;16.7;-3.7
1689854460;1.952340769;1.743378692;23.7;-3.4
1689876060;1.755715667;1.613984019;17.5;1.7
1689897660;1.677439294;1.561666558;14.5;1.9
1689919260;1.726805017;1.551668286;16.7;-1.3
1689940860;1.604283589;1.536058192;18.2;-2.2
1689962460;1.665056086;1.611014869;14.4;1.5
1689984060;1.679342778;1.566749286;15.2;0.0
1690005660;1.655129522;1.528186019;20.5;-4.9
1690027260;1.659240833;1.563835047;21.8;-3.8
1690048860;1.068748744;0.985502919;19.5;0.0
1690070460;1.197234;1.124544203;19.0;-0.3
1690092060;0.772602536;0.643606922;15.2;-2.2
1690113660;0.565595947;0.483563903;7.0;-1.8
1690135260;0.689013897;0.596229956;5.4;1.8
1690156860;0.742246828;0.661018506;8.4;0.3
1690178460;0.630623931;0.512487789;15.5;-4.1
1690200060;0.542369592;0.443611142;14.0;-6.5
1690221660;0.800781442;0.686767714;8.6;-1.4
1690243260;1.119379231;0.971713183;13.5;-1.9
1690264860;0.899052147;0.703017414;20.3;-7.4
1690286460;1.393940719;1.316920411;22.0;-9.0
1690308060;1.670135847;1.536643067;15.1;-2.8
1690329660;1.191336181;1.122104956;22.0;-3.4
1690351260;1.335430944;1.260639108;38.9;-8.4
1690372860;1.164849811;1.043621281;44.4;-8.7
1690394460;0.952622225;0.764746194;25.4;-3.3
1690416060;1.10510705;1.066529689;25.7;-4.1
1690437660;1.134915203;0.961205856;38.1;-8.2
1690459260;0.958826019;0.8278921;40.6;-10.5
1690480860;0.860665364;0.765871169;21.7;-5.2
1690502460;1.261114664;1.190335408;26.9;-5.0
1690524060;0.998252261;0.776163836;18.3;-5.7
1690545660;0.887138122;0.636995614;16.1;-5.4
1690567260;0.793661444;0.571703867;14.1;-1.3
1690588860;1.145193022;1.226308536;10.7;0.5
1690610460;0.908778314;0.744583478;14.8;-3.1
1690632060;0.489471608;0.355271147;18.3;-5.6
1690653660;0.467379333;0.38452175;7.3;1.3
1690675260;0.980338964;0.859397861;10.3;1.6
1690696860;0.747996181;0.643426333;10.6;-1.7
1690718460;0.532370231;0.436168992;9.8;-2.1
1690740060;0.518842925;0.493330858;5.5;3.1
1690761660;0.857830106;0.808529114;5.7;4.0
1690783260;0.712077336;0.570238586;6.0;1.0
1690804860;0.691106222;0.550423053;7.6;-1.4
1690826460;0.722105061;0.554692958;6.1;3.4
1690848060;1.179512669;0.984894994;7.5;3.5
1690869660;0.690519992;0.533990561;9.1;0.8
1690891260;0.364457075;0.235580761;6.4;1.0
1690912860;0.407373475;0.355230308;4.0;4.8
1690934460;0.904937147;0.752452842;6.1;4.5
1690956060;0.705472881;0.574195175;7.2;1.2
1690977660;0.397557381;0.340937044;5.8;0.0
1690999260;0.412138897;0.378071958;3.0;4.4
1691020860;0.670886964;0.562818411;5.2;3.5
1691042460;0.601520858;0.503528994;4.7;0.8
1691064060;0.31602705;0.203434592;5.2;-0.5
1691085660;0.369596033;0.319689478;4.9;2.8
1691107260;0.854606078;0.713934314;6.6;2.2
1691128860;0.708255472;0.557209975;7.3;-0.6
1691150460;0.881135961;0.749728531;5.8;-1.2
1691172060;1.142326344;1.021221144;7.2;2.8
1691193660;1.1867648;1.117265836;8.9;1.6
1691215260;0.947292308;0.820315758;12.3;-1.1
1691236860;1.179612086;1.024927558;17.2;-3.2
1691258460;1.648288178;1.481902136;18.2;-0.1
1691280060;1.893623406;1.719406867;20.0;-0.8
1691301660;2.350021428;1.962572106;34.6;-5.6
1691323260;2.441689939;2.01577425;43.9;-8.3
1691344860;1.632484011;1.495170161;26.4;-3.8
1691366460;1.368313194;1.298746744;24.6;-3.3
1691388060;1.206839614;1.040026144;34.9;-7.0
1691409660;0.700271622;0.558494683;29.0;-7.1
1691431260;0.721084294;0.587161072;17.1;-3.0
1691452860;1.279856875;1.209844967;18.7;-2.7
1691474460;1.500524831;1.338989175;32.6;-7.9
1691496060;1.65155305;1.526209619;42.3;-8.7
1691517660;1.245530222;1.099815272;25.4;-4.6
1691539260;1.525722439;1.437031353;20.6;-3.2
1691560860;1.535624661;1.342999886;29.7;-7.4
1691582460;1.237898069;1.068777961;6.0;-4.0
1691604060;1.098558853;1.002025408;8.5;-0.4
1691625660;1.612386061;1.482388592;21.6;-3.7
1691647260;1.582466414;1.417740411;34.7;-7.3
1691668860;1.407652492;1.229351258;38.6;-8.5
1691690460;1.373100403;1.261802803;18.4;-2.4
1691712060;1.434654878;1.307554472;19.4;-2.1
1691733660;0.810970033;0.656836589;14.6;-3.7
1691755260;0.785509731;0.631418917;3.5;-3.0
1691776860;0.897284164;0.769133111;6.4;0.1
1691798460;1.376159136;1.310871275;11.7;-0.8
1691820060;1.349441064;1.194550639;14.1;-3.2
1691841660;1.581609953;1.438819806;12.6;-3.4
1691863260;2.390420742;2.005819789;18.3;0.2
1691884860;2.185648703;1.836566306;20.4;-2.0
1691906460;1.991933522;1.748042125;22.3;-3.7
1691928060;2.150847825;1.852654483;28.4;-4.8
1691949660;2.187525181;1.931994397;19.6;-0.7
1691971260;2.169866142;1.896505644;17.8;-1.2
1691992860;1.387998817;1.229648919;23.6;-4.9
1692014460;0.973664375;0.816434228;21.9;-4.9
1692036060;0.850721336;0.850506264;11.7;0.7
1692057660;1.514062558;1.395697119;14.5;0.1
1692079260;1.053393569;0.899602753;18.6;-4.2
1692100860;0.976839175;0.817323956;14.4;-3.4
1692122460;0.923052378;0.811086817;12.4;0.1
1692144060;1.075543803;0.950122408;17.8;-0.8
1692165660;0.685827661;0.550044189;21.3;-4.0
1692187260;0.539787083;0.425246039;17.9;-4.4
1692208860;0.557020967;0.494311336;10.4;-0.2
1692230460;0.796793306;0.710185039;17.7;-1.4
1692252060;0.556517178;0.437259867;25.7;-6.0
1692273660;0.497837586;0.423448636;9.8;-6.1
1692295260;0.734035369;0.674369131;12.1;-2.8
1692316860;1.40444995;1.375647797;26.3;-4.4
1692338460;1.233411208;1.120829211;47.6;-10.8
1692360060;1.330837017;1.214867081;46.0;-12.6
1692381660;1.3526085;1.269293908;30.2;-7.0
1692403260;1.273359919;1.176814917;21.3;-6.6
1692424860;1.078628644;0.938315353;25.4;-10.2
1692446460;1.345642133;1.221034658;25.1;-10.6
1692468060;1.913574536;1.709872867;21.5;-4.9
1692489660;1.670117389;1.535765722;20.2;-2.5
1692511260;0.99443185;0.901990978;18.0;-2.3
1692532860;0.696789547;0.646443147;15.9;-2.2
1692554460;0.571475106;0.531073761;13.8;-2.0
1692576060;0.798978919;0.732433517;14.2;-2.9
1692597660;0.588380053;0.55017025;15.2;-5.4
1692619260;0.414470711;0.416751739;9.6;-4.8
1692640860;0.359899278;0.404243514;5.2;-0.6
1692662460;0.482352836;0.525985778;8.1;-1.5
1692684060;0.407204367;0.364795914;13.6;-6.3
1692705660;0.269134119;0.248605578;5.9;-5.9
1692727260;0.276330658;0.284655614;3.1;-0.8
1692748860;0.307908181;0.362246111;4.2;-1.4
1692770460;0.263261317;0.225448306;8.1;-5.5
1692792060;0.223671072;0.152874164;6.0;-5.7
1692813660;0.2375053;0.225085992;3.7;-1.7
1692835260;0.282598603;0.313080822;3.7;-1.7
1692856860;0.282981842;0.238400717;6.9;-5.8
1692878460;0.269539689;0.196006156;7.1;-6.7
1692900060;0.265526519;0.238300983;5.0;-1.9
1692921660;0.327923775;0.365694281;5.9;-2.3
1692943260;0.327847419;0.316525278;8.6;-7.2
1692964860;0.328580283;0.296934894;9.1;-7.8
1692986460;0.381924533;0.356864833;6.0;-3.0
1693008060;0.529629281;0.488986769;5.6;-2.5
1693029660;0.552702408;0.518610453;9.9;-8.0
1693051260;0.580737569;1.171862008;12.5;-8.1
1693072860;1.211187683;1.502054294;31.1;-3.6
1693094460;1.537079828;1.428057439;25.9;-2.8
1693116060;1.390428211;1.304527553;34.2;-6.9
1693137660;1.152433983;1.034605586;53.6;-10.5
1693159260;0.989674111;0.871626475;23.3;-3.7
1693180860;1.176151522;1.100944894;16.1;-2.0
1693202460;0.966812858;0.878522067;23.8;-8.0
1693224060;0.990195944;0.927214797;31.4;-8.4
1693245660;1.633620325;1.5188845;41.0;-3.2
1693267260;1.547372228;1.459371925;30.4;-2.6
1693288860;1.119391347;1.080004161;35.5;-6.8
1693310460;0.78668795;0.677701669;43.4;-8.9
1693332060;0.763431533;0.687228797;21.5;-2.9
1693353660;1.302652125;1.227543986;19.2;-1.2
1693375260;1.230247372;1.078268583;32.7;-6.9
1693396860;1.262153606;1.198238442;28.1;-7.8
1693418460;1.226626233;1.155908858;10.5;-2.0
1693440060;1.37481265;1.294253253;15.7;-1.4
1693461660;1.257384625;1.159910853;19.0;-4.2
1693483260;1.148919428;1.062387028;17.0;-4.1
1693504860;1.310633806;1.223081522;13.2;0.4
1693526460;1.640194819;1.498036181;16.6;-0.9
1693548060;1.601569658;1.448781853;27.6;-6.2
1693569660;1.179304872;1.051952175;36.2;-8.2
1693591260;0.674338681;0.640126219;20.3;-2.5
1693612860;1.158624339;1.125431761;25.5;-2.8
1693634460;0.693470889;0.586306575;31.3;-8.2
1693656060;0.456555356;0.330161839;19.8;-7.4
1693677660;0.473635714;0.426147569;15.2;-2.3
1693699260;1.050883947;1.139428617;28.3;-3.6
1693720860;0.734565311;0.572744033;50.3;-9.4
1693742460;0.863498608;0.690553478;42.2;-10.6
1693764060;1.447388986;1.299674272;31.6;-4.3
1693785660;2.306990275;2.121982556;20.2;-6.2
1693807260;0.539451292;1.472887942;15.2;-5.4
1693828860;0.414470711;0.551503314;9.6;-4.8
1693850460;0.359899278;0.682497053;5.2;-0.6
1693872060;0.482352836;1.30983395;8.1;-1.5
1693893660;0.869136914;0.765968969;17.3;-6.7
1693915260;0.636607944;0.571119483;14.3;-7.8
1693936860;0.619532686;0.571806314;10.3;-0.6
1693958460;0.674733206;0.652323936;10.4;0.0
1693980060;0.58567475;0.536880158;19.2;-6.5
1694001660;0.649724608;0.572925597;16.2;-7.6
1694023260;0.966381931;0.864228117;8.0;-0.7
1694044860;0.960642008;0.881845306;11.0;-2.2
1694066460;1.130067017;1.025287372;21.3;-9.1
1694088060;0.991058986;0.870514294;18.7;-9.8
1694109660;0.957675094;0.874369661;14.6;-4.4
1694131260;0.890487647;0.844073572;14.3;-3.4
1694152860;1.199471936;1.1135869;39.0;-9.0
1694174460;0.859095697;0.765556533;28.5;-10.5
1694196060;1.1489717;1.063363014;14.1;-4.4
1694217660;1.370730992;1.285676486;16.3;-3.6
1694239260;0.782953769;0.680196547;23.4;-8.2
1694260860;0.637083211;0.540653964;19.3;-7.4
1694282460;0.778650872;0.680724611;8.9;-0.7
1694304060;1.114086644;1.031138431;9.6;-0.5
1694325660;1.257253203;1.15164725;13.4;-2.4
1694347260;1.095152442;0.974077039;11.2;-1.5
1694368860;0.801618267;0.695168525;4.8;3.3
1694390460;0.925833642;0.845862533;6.8;2.1
1694412060;0.694340417;0.580033264;9.0;-2.1
1694433660;0.581483333;0.498605925;8.7;-4.2
1694455260;0.505857058;0.460690472;3.7;1.4
1694476860;0.745460028;0.708791597;11.3;-0.3
1694498460;0.599104825;0.510928472;14.2;-5.7
1694520060;0.660835356;0.560551381;11.3;-8.3
1694541660;1.04051855;0.988948367;11.5;-1.7
1694563260;1.575056414;1.435879683;22.8;-5.0
1694584860;1.000065389;0.879570911;37.8;-10.6
1694606460;0.758546569;0.64847415;28.1;-13.2
1694628060;0.891905942;0.789922206;11.5;-5.6
1694649660;1.292523786;1.218240944;13.7;-4.1
1694671260;1.122249844;0.982351267;19.8;-8.3
1694692860;1.026819058;0.888774306;24.3;-5.9
1694714460;1.313163022;1.216200364;17.2;-0.8
1694736060;1.396063111;1.316870431;15.3;-0.5
1694757660;0.967473311;0.843512997;18.9;-3.7
1694779260;0.680427192;0.548895372;16.9;-3.4
1694800860;0.881661775;0.733614656;9.2;3.9
1694822460;1.222299881;1.108436133;9.8;2.2
1694844060;0.880925217;0.781840314;7.9;0.0
1694865660;0.581806514;0.488733258;7.0;-0.4
1694887260;0.511240475;0.471411808;4.1;5.6
1694908860;1.101794703;1.003531561;16.3;1.4
1694930460;0.982143878;0.839518189;27.3;-3.1
1694952060;1.232303597;1.128963192;18.7;-3.3
1694973660;1.684327556;1.531489092;15.8;0.5
1694995260;2.090634447;1.836331419;21.7;-1.1
1695016860;1.937465881;1.718392986;30.9;-5.7
1695038460;1.792153111;1.63282035;30.8;-7.3
1695060060;1.285782983;1.242544778;15.4;-0.1
1695081660;1.349769253;1.284165886;17.9;-0.5
1695103260;1.06199375;1.004924408;28.9;-6.9
1695124860;2.049887056;1.816781172;26.1;-7.7
1695146460;2.159831328;1.853147194;11.7;-0.8
1695168060;1.977959008;1.7436047;17.3;-0.5
1695189660;1.862100394;1.670216856;26.0;-6.0
1695211260;1.736663511;1.611629511;30.1;-6.8
1695232860;2.044044753;1.805775389;24.2;-1.1
1695254460;1.771822725;1.638745389;18.1;-0.2
1695276060;1.740290058;1.597606147;30.5;-5.6
1695297660;1.458328408;1.366996375;37.4;-7.1
1695319260;1.008037497;0.899233267;23.6;-1.5
1695340860;1.154778622;1.094565578;21.7;-0.2
1695362460;1.141368147;1.044603472;29.3;-3.9
1695384060;0.733954439;0.632534403;26.5;-3.6
1695405660;0.651906717;0.627648378;13.1;2.9
1695427260;1.001337322;0.971124594;16.9;1.9
1695448860;0.875531758;0.761132781;14.9;-0.6
1695470460;0.371080217;0.2695116;6.8;-0.3
1695492060;0.352956822;0.319213283;3.7;5.6
1695513660;0.869768214;0.781972961;13.1;3.5
1695535260;1.091499292;0.939937256;15.8;0.9
1695556860;1.112003064;1.038702603;17.1;-0.2
1695578460;1.486234628;1.419030339;16.8;4.9
1695600060;1.935923519;1.688513797;18.7;3.5
1695621660;2.55257465;2.054517367;27.7;0.4
1695643260;2.510874119;2.01862045;23.8;0.4
1695664860;2.941952294;2.616313375;19.4;3.4
1695686460;3.484324172;2.989032531;21.1;1.3
1695708060;3.177999375;2.747998139;27.9;-4.7
1695729660;2.464232681;2.101447178;31.0;-6.0
1695751260;1.786851131;1.604313933;9.6;1.7
1695772860;1.567642644;1.475503722;17.7;1.0
1695794460;0.949781611;0.852467167;23.1;-4.5
1695816060;0.868981558;0.795960533;32.3;-5.1
1695837660;0.976277233;0.963678625;19.8;1.2
1695859260;1.266003006;1.252359336;17.2;0.1
1695880860;0.667562778;0.592496764;21.8;-6.9
1695902460;0.504929889;0.430708864;14.1;-7.1
1695924060;0.481773683;0.432070492;5.8;1.5
1695945660;0.7621535;0.720730231;13.3;1.1
1695967260;0.542716158;0.448136244;7.1;-0.7
1695988860;0.530618003;0.453332003;3.2;0.1
1696010460;0.782177272;0.735571208;3.7;4.5
1696032060;1.529187003;1.438208642;12.4;2.8
1696053660;1.550138689;1.538842536;25.1;-2.1
1696075260;1.674058278;1.572608506;28.5;-4.5
1696096860;1.512316636;1.445136931;15.1;1.4
1696118460;1.907092558;1.699456239;18.4;1.7
1696140060;1.776617378;1.584950675;34.8;-3.8
1696161660;1.4585183;1.353609869;38.1;-4.8
1696183260;1.335166731;1.360933306;23.6;1.6
1696204860;2.024595792;1.812362269;28.4;1.1
1696226460;1.539535825;1.414519717;48.5;-5.1
1696248060;1.028190747;0.905214492;46.4;-5.5
1696269660;0.998505956;0.966769264;22.1;0.5
1696291260;2.208251458;1.890800011;27.6;0.8
1696312860;1.539312397;1.225481764;72.5;-5.5
1696334460;2.377206858;1.922044581;71.1;-7.1
1696356060;2.608157506;2.080352428;43.3;-0.9
1696377660;2.579697733;2.096176333;40.1;-0.5
1696399260;0.967771869;0.766146494;64.6;-6.4
1696420860;0.54165525;0.443896161;17.3;-5.8
1696442460;0.580653611;0.538690272;8.7;1.7
1696464060;1.088033831;1.055003675;24.4;0.5
1696485660;0.691027503;0.594833028;55.7;-6.9
1696507260;0.518958844;0.433722947;21.0;-8.1
1696528860;0.651723358;0.575244003;6.2;0.4
1696550460;1.237014964;1.168124914;18.1;-1.0
1696572060;1.130349703;0.991717681;36.8;-7.4
1696593660;1.082623592;0.985547908;22.0;-8.1
1696615260;1.620522406;1.473317233;20.0;-2.3
1696636860;2.990421742;2.293914389;36.4;-3.4
1696658460;1.964307497;1.654287069;77.7;-9.0
1696680060;0.903265253;0.760260781;44.3;-8.9
1696701660;1.039845172;0.967828789;19.5;-1.2
1696723260;2.965509764;2.245315972;34.7;-3.5
1696744860;1.335168544;1.020966786;34.5;-9.2
1696766460;0.314759986;0.179800764;25.2;-10.3
1696788060;0.422648833;0.345302686;3.5;-0.2
1696809660;0.883925039;0.826949458;11.2;0.0
1696831260;0.747329008;0.594131758;19.6;-3.0
1696852860;0.481410075;0.402130022;1.6;-1.1
1696874460;0.519773903;0.479079644;2.2;3.8
1696896060;0.874198789;0.803672278;10.9;2.2
1696917660;0.713274422;0.590565083;16.4;-1.9
1696939260;0.531811431;0.436173189;8.7;-3.0
1696960860;0.580905097;0.518252714;3.2;4.2
1696982460;0.883447136;0.795960828;12.3;2.4
1697004060;0.709012947;0.590565083;10.1;-1.4
1697025660;0.609114292;0.436173189;8.3;-1.8
1697047260;0.642283892;0.518252714;3.5;4.5
1697068860;0.998936664;0.795960828;11.4;3.0
1697090460;0.846226925;0.590443217;39.8;-0.5
1697112060;0.647323142;0.4988817;43.4;-0.4
1697133660;0.754039778;0.569471375;43.8;-0.5
1697155260;1.118457669;0.816532344;44.3;-0.7
1697176860;0.956740117;0.829832739;44.4;-1.2
1697198460;0.825041189;0.700424581;44.6;0.2
1697220060;0.974044825;0.873622486;44.6;5.2
1697241660;1.136385694;1.016388044;44.3;4.4
1697263260;1.200722711;1.069315997;45.2;1.3
1697284860;1.229797311;1.082011344;46.1;0.2
1697306460;1.308279675;1.240950494;46.7;5.2
1697328060;1.926578222;1.681746589;46.7;4.2
1697349660;2.361183889;1.967420547;46.9;1.3
1697371260;2.365229683;1.948554481;48.2;1.2
1697392860;2.555685594;2.124423214;49.3;7.4
1697414460;2.925872517;2.4843681;49.8;4.9
1697436060;3.132753708;2.710284739;50.3;1.2
1697457660;3.889654125;3.928709036;50.1;0.7
1697479260;4.007140278;3.921401297;51.0;5.5
1697500860;3.923355633;3.826687311;50.2;3.7
1697522460;3.859284494;3.684466508;49.8;0.8
1697544060;4.788546747;4.797208903;49.5;0.7
1697565660;4.580438853;4.401483625;47.8;4.8
1697587260;4.599856381;4.129110358;47.6;1.3
1697608860;5.570058442;5.024604011;49.9;-2.7
1697630460;5.957016181;4.418532653;48.0;-3.2
1697652060;5.016960253;4.225608533;47.3;1.5
1697673660;3.562828781;3.277789086;47.8;-1.6
1697695260;5.690115467;4.936011961;47.9;-3.4
1697716860;5.62484905;4.695354503;47.9;-2.1
1697738460;4.364430683;3.866515825;49.6;2.2
1697760060;4.741619183;3.234478211;48.3;1.7
1697781660;3.950497189;2.911564272;48.9;-3.4
1697803260;2.793431778;2.126729389;47.3;-4.1
1697824860;2.462828697;2.072897297;47.1;1.9
1697846460;3.216774311;2.680925189;45.1;2.6
1697868060;2.283842061;1.813701542;44.7;-3.4
1697889660;2.422186711;1.950704761;44.7;-3.7
1697911260;2.940772228;2.654623419;45.4;2.5
1697932860;4.837007722;4.565472181;45.8;2.7
1697954460;5.9950269;4.573906925;45.4;-2.2
1697976060;6.312291944;4.220205675;45.8;-0.3
1697997660;5.1425219;4.167314333;46.5;3.8
1698019260;5.733799875;3.413801617;46.0;2.0
1698040860;5.877276789;4.073927722;46.4;-3.1
1698062460;4.829069433;4.000682478;49.8;-3.4
1698084060;2.929407806;2.390616539;48.1;1.5
1698105660;3.996511956;2.975855953;47.8;1.6
1698127260;1.446263639;1.163739531;47.7;-3.6
1698148860;0.572452069;0.477186464;46.5;-1.9
1698170460;0.821014042;0.760237139;46.1;2.5
1698192060;1.980972892;1.747130842;47.0;1.8
1698213660;1.342236894;1.195915925;47.6;-2.7
1698235260;1.045988969;0.921654797;46.9;-2.7
1698256860;0.899199481;0.820857881;46.3;2.4
1698278460;1.537744056;1.396588325;47.6;2.0
1698300060;0.771483597;0.649685494;47.6;-5.7
1698321660;0.542834786;0.457288492;47.4;-5.4
1698343260;0.581058306;0.527106322;47.9;0.9
1698364860;1.076429983;0.941703997;49.1;0.0
1698386460;0.712279528;0.592701353;48.0;-7.9
1698408060;0.607998586;0.503816561;47.8;-9.2
1698429660;1.103257922;0.99674335;47.9;-2.4
1698451260;1.826594772;1.64757775;48.3;-4.5
1698472860;1.013917811;0.816735883;48.7;-10.3
1698494460;0.541717519;0.480636617;48.9;-10.5
1698516060;0.554829706;0.588648775;48.9;-3.5
1698537660;1.496999633;1.464325817;48.4;-3.6
1698559260;0.9794028;0.873136575;45.3;-8.6
1698580860;0.410454719;0.2938414;40.6;-9.0
1698602460;0.582046903;0.565797208;39.5;-3.1
1698624060;1.605723956;1.439027453;37.8;-3.2
1698645660;1.243422014;1.081651361;35.8;-9.0
1698667260;0.606138047;0.493117819;36.7;-9.2
1698688860;0.622462311;0.605268056;37.4;-1.9
1698710460;1.481683419;1.391135281;37.9;-1.8
1698732060;0.865605833;0.726825958;37.6;-7.2
1698753660;0.417244703;0.35320985;36.8;-6.7
1698775260;0.5159711;0.500550997;30.5;0.2
1698796860;1.346232683;1.249100883;32.7;-0.6
1698818460;0.734473878;0.62710045;31.7;-7.7
1698840060;0.513654808;0.456734569;28.9;-8.5
1698861660;0.713767169;0.663193689;28.2;-0.2
1698883260;1.247416133;1.2159077;26.5;-1.6
1698904860;0.843336708;0.719688353;25.3;-8.1
1698926460;0.73338775;0.631274589;24.1;-7.8
1698948060;0.730692156;0.688967056;23.3;-1.3
1698969660;1.160949089;1.098007361;22.5;-2.1
1698991260;0.577854925;0.484460147;21.8;-8.5
1699012860;0.286318536;0.161204044;21.4;-4.3
1699034460;0.442672961;0.369455444;21.2;3.1
1699056060;0.655937383;0.577781892;20.8;2.3
1699077660;0.492157944;0.417439344;21.1;0.3
1699099260;0.430918942;0.369390167;20.4;0.5
1699120860;0.700257844;0.662232167;19.2;4.0
1699142460;2.011756378;1.668431989;17.8;2.0
1699164060;2.284830833;1.976040169;17.8;-3.5
1699185660;2.017356558;1.818206669;16.8;-2.9
1699207260;2.694772403;2.369030122;17.4;3.9
1699228860;2.999040372;2.473086425;16.4;3.7
1699250460;4.523849767;4.263458111;15.5;0.7
1699272060;5.373456025;4.9992667;14.4;0.9
1699293660;4.844002942;4.481332803;22.2;6.1
1699315260;4.691675861;4.698026261;23.7;4.2
1699336860;5.200657047;5.229412286;25.3;0.3
1699358460;5.576032158;5.228865297;23.6;0.9
1699380060;5.137831094;5.311151253;25.7;6.1
1699401660;5.226276556;5.501174356;25.4;5.3
1699423260;4.934836956;5.139230339;25.6;0.5
1699444860;4.816046039;4.8442174;25.6;1.2
1699466460;5.169099831;5.273598081;25.5;6.8
1699488060;4.763983372;5.037281089;25.7;5.2
1699509660;5.416740286;5.333132881;25.7;1.0
1699531260;5.684494347;5.189575767;24.4;1.8
1699552860;5.230263808;5.378127872;24.8;7.0
1699574460;4.857756725;4.943970617;24.8;4.6
1699596060;6.713117389;3.825772403;24.0;-1.3
1699617660;3.838197447;1.479659803;23.9;-3.0
1699639260;0.966352797;0.889278939;23.5;-2.8
1699660860;0.8324432;0.768477272;23.3;-2.1
1699682460;1.939953133;1.780784789;22.7;-3.3
1699704060;2.182397183;2.007805406;22.5;-4.6
1699725660;2.942782039;2.132481606;24.2;-2.6
1699747260;3.169040547;2.899707761;23.9;-0.8
1699768860;2.875676208;2.077700078;23.8;-4.8
1699790460;1.917900075;1.577148239;22.7;-6.9
1699812060;1.902430408;1.641345333;23.5;-1.2
1699833660;3.878497881;3.235069492;23.4;0.4
1699855260;2.717582497;2.066708672;23.5;-5.0
1699876860;1.796090319;1.453114197;24.4;-6.2
1699898460;1.5091073;1.271293419;23.0;-0.9
1699920060;3.026701967;2.378215292;23.8;0.0
1699941660;1.123896375;0.920168411;23.5;-5.2
1699963260;0.548744733;0.456206542;24.5;-5.3
1699984860;1.015748178;0.958250014;23.5;0.0
1700006460;2.083774183;1.866971072;23.3;-0.5
1700028060;0.929671639;0.740060361;23.3;-5.9
1700049660;0.649967906;0.5446927;23.3;-7.6
1700071260;1.109456506;1.030448608;22.2;-0.3
1700092860;2.202633489;1.921489333;21.6;-0.5
1700114460;2.211624561;1.891230008;21.9;-5.3
1700136060;1.869888461;1.641661458;22.0;-5.5
1700157660;1.660984936;1.581843206;22.2;0.5
1700179260;2.190872967;2.030214675;20.6;0.0
1700200860;2.327745872;2.141053461;19.9;-3.8
1700222460;1.739659842;1.608294578;20.4;-4.3
1700244060;1.570186511;1.438489644;21.4;-4.8
1700265660;1.808376439;1.658334147;21.0;-5.3
1700287260;1.176538858;0.988517056;21.4;-6.6
1700308860;0.826014147;0.723682494;21.1;-6.7
1700330460;0.527685811;0.497977686;20.4;-0.2
1700352060;1.159147706;1.127632517;18.5;1.0
1700373660;0.787301467;0.695978597;21.7;-4.8
1700395260;0.502616514;0.429365122;21.6;-3.6
1700416860;0.766395603;0.675800381;23.5;2.9
1700438460;1.379246172;1.294022789;23.8;2.1
1700460060;1.43226725;1.30088645;26.1;-2.5
1700481660;1.475669106;1.217331756;34.8;-1.1
1700503260;1.755850942;1.438932372;39.7;4.9
1700524860;2.285293542;1.974178936;50.1;2.4
1700546460;2.162276825;1.816515808;54.9;-0.5
1700568060;1.586587944;1.422667236;56.9;2.1
1700589660;1.823350894;1.610893317;60.4;6.0
1700611260;2.487251258;2.071960447;60.6;2.0
1700632860;2.320078711;1.939032903;66.1;-2.7
1700654460;1.3187525;1.162673364;70.8;-2.1
1700676060;1.935148931;1.648723517;74.9;4.3
1700697660;3.372198925;2.920832128;75.1;0.4
1700719260;3.029739528;2.557882106;78.1;-1.6
1700740860;2.328950394;1.955344814;56.2;0.7
1700762460;2.527375167;2.218973953;20.7;4.1
1700784060;2.438995039;2.091698419;29.5;1.9
1700805660;1.129786314;0.948939247;22.0;-0.2
1700827260;1.039067875;0.897148928;13.4;0.2
1700848860;2.146409236;1.666368769;23.7;4.8
1700870460;1.961786169;1.684777422;26.0;3.1
1700892060;1.07028905;0.946941389;20.2;-0.1
1700913660;0.695755572;0.578193517;10.3;0.9
1700935260;0.983154461;0.887073083;12.2;5.1
1700956860;1.426314078;1.346581472;17.7;3.3
1700978460;0.979692472;0.812673942;18.9;-0.3
1701000060;1.528295992;1.389999092;22.6;-0.4
1701021660;3.098296358;2.822365392;11.7;4.5
1701043260;3.127626372;2.699256264;19.3;2.4
1701064860;1.822881472;1.594885558;27.8;-4.1
1701086460;0.739998083;0.62976525;21.6;-2.6
1701108060;0.815710292;0.717808439;9.4;2.7
1701129660;1.120405119;1.040849294;14.6;2.8
1701151260;0.930928089;0.734882689;38.9;-2.9
1701172860;0.734871833;0.577118861;19.8;-1.6
1701194460;1.204088717;1.067003089;10.0;5.6
1701216060;1.629795969;1.536059156;13.0;3.6
1701237660;1.6028605;1.514062478;18.1;0.4
1701259260;2.149973783;1.831496047;13.7;1.9
1701280860;3.168082033;2.554855092;13.4;7.7
1701302460;3.940866767;4.026193431;13.6;4.9
1701324060;3.296873683;2.971281947;15.5;2.1
1701345660;2.036561942;1.776215825;14.5;1.9
1701367260;2.580298256;2.089649747;23.2;6.3
1701388860;2.319897992;1.993517825;19.9;3.4
1701410460;2.339565711;1.904660367;27.3;-0.2
1701432060;2.486553061;2.142205986;13.0;0.4
1701453660;2.083504844;1.998809667;12.1;5.0
1701475260;1.809458406;1.716202703;16.7;3.4
1701496860;2.696195322;2.223607467;26.4;-0.8
1701518460;1.743747778;1.615868928;19.9;-1.0
1701540060;2.025266753;1.835407953;7.3;4.5
1701561660;1.472384383;1.461483697;11.5;3.1
1701583260;1.059810411;0.926141281;17.3;-0.7
1701604860;0.537379944;0.461584219;5.5;1.0
1701626460;0.8835517;0.667348042;9.6;6.0
1701648060;0.831177644;0.788382167;10.6;4.4
1701669660;0.549635711;0.447416075;15.1;-0.5
1701691260;0.452241422;0.376457661;8.6;0.3
1701712860;0.88565665;0.923348253;5.1;5.7
1701734460;1.385736681;1.371296133;12.4;3.8
1701756060;1.563187656;1.392657831;34.5;-1.6
1701777660;0.934459889;0.788611072;22.5;-0.1
1701799260;1.198210906;1.002809236;19.0;4.2
1701820860;1.379600547;1.340823217;18.3;3.1
1701842460;0.598831714;0.497039819;13.3;-0.3
1701864060;0.570175542;0.478621467;8.0;-0.1
1701885660;0.689164253;0.588228033;4.4;5.3
1701907260;0.775072894;0.735858042;8.9;4.6
1701928860;0.561714233;0.467810856;11.3;0.6
1701950460;0.463014614;0.3859434;8.6;0.1
1701972060;0.615255583;0.513548719;3.7;7.4
1701993660;0.616339822;0.551692172;5.0;5.7
1702015260;0.726427386;0.571430231;5.9;2.2
1702036860;0.510927892;0.427214242;7.6;2.4
1702058460;0.969960889;0.876071772;6.7;7.8
1702080060;1.056360592;1.011188244;7.2;6.3
1702101660;1.192561503;1.092786403;11.7;1.9
1702123260;1.307532828;1.223668519;11.9;1.5
1702144860;1.596172194;1.482716181;11.0;6.6
1702166460;1.307448789;1.280257969;10.1;6.3
1702188060;1.282305461;1.194600603;12.3;1.1
1702209660;1.419473725;1.4301141;19.4;2.5
1702231260;1.778281369;1.632803867;13.7;7.2
1702252860;1.606164522;1.527412158;15.9;5.3
1702274460;2.021466789;1.719476986;26.2;1.0
1702296060;2.316559656;1.946964056;27.2;1.3
1702317660;4.105692247;4.016917803;23.9;5.9
1702339260;3.847567344;3.617400875;19.1;5.0
1702360860;3.830696989;3.740970914;24.8;1.3
1702382460;3.605324036;3.405143864;26.8;1.6
1702404060;4.180302172;4.689837075;23.9;6.7
1702425660;4.407080228;4.895173642;20.2;5.5
1702447260;5.0677538;5.596464422;22.3;3.2
1702468860;5.057314017;5.736725619;26.8;3.1
1702490460;4.765253017;5.458637839;19.7;8.3
1702512060;5.153360625;5.254461411;16.0;5.1
1702533660;5.979098914;5.564922011;18.6;2.8
1702555260;5.874235306;5.134506611;20.7;0.6
1702576860;5.338855283;5.039597597;14.5;4.4
1702598460;3.745794256;3.707770683;22.0;3.8
1702620060;2.593263992;2.152131953;34.6;-1.6
1702641660;0.944688664;0.822181414;22.2;-0.9
1702663260;1.371435633;1.256201589;11.3;5.3
1702684860;2.318115492;2.069103372;21.3;4.7
1702706460;4.007800706;3.561650433;61.8;-0.8
1702728060;3.515132953;3.044010194;33.1;0.9
1702749660;4.774626469;4.847751228;23.4;5.6
1702771260;4.153005058;4.030871861;40.1;3.6
1702792860;2.098973989;1.8635169;59.2;-2.5
1702814460;2.047104758;1.747797692;31.8;-1.9
1702836060;2.012637267;1.729324136;23.5;3.4
1702857660;3.254962775;2.998274275;30.5;4.0
1702879260;3.485680375;3.233325064;39.8;-1.4
1702900860;2.624694017;2.140947242;33.3;-1.5
1702922460;3.478823867;3.202518444;22.4;3.6
1702944060;4.285764908;4.225009686;28.0;3.0
1702965660;3.390830378;3.070855581;46.2;-3.6
1702987260;1.526311261;1.323156681;49.7;-4.1
1703008860;1.033779;0.9155143;16.8;1.6
1703030460;1.929406033;1.75059895;20.7;2.2
1703052060;1.429973047;1.232083306;46.3;-3.9
1703073660;0.739203764;0.593977553;14.7;-1.3
1703095260;0.825285014;0.764805942;8.3;3.6
1703116860;1.604259958;1.528717717;17.3;3.4
1703138460;1.184671481;0.979418667;41.1;-2.6
1703160060;0.607737972;0.46322265;19.7;-1.4
1703181660;0.811292072;0.766568025;5.8;5.1
1703203260;1.350882706;1.333359797;12.7;4.7
1703224860;0.867809883;0.706447056;25.8;-0.7
1703246460;0.522483408;0.419981131;10.6;0.0
1703268060;0.782085986;0.649953094;6.6;6.1
1703289660;0.990791164;0.955756133;9.7;6.1
1703311260;0.833012292;0.650383906;20.3;0.7
1703332860;0.666110425;0.531970486;7.9;2.3
1703354460;0.826707783;0.657891111;4.6;8.3
1703376060;0.956812969;0.911643231;7.4;6.8
1703397660;0.780168136;0.596613836;9.8;2.9
1703419260;0.727369036;0.594543878;8.2;2.5
1703440860;1.494585789;1.170316992;11.7;8.8
1703462460;1.966345992;1.792963181;11.7;7.5
1703484060;1.970994233;1.705582061;12.0;3.7
1703505660;1.780737989;1.628508086;13.2;3.1
1703527260;2.708059367;2.848563233;10.3;9.4
1703548860;2.722403042;2.566023086;14.0;8.0
1703570460;2.818840628;2.281671986;25.9;2.2
1703592060;3.389672839;2.407171203;46.0;1.3
1703613660;5.301325964;3.667823514;37.6;7.3
1703635260;5.988356922;5.258931981;29.6;6.5
1703656860;5.823981228;5.354393842;51.6;2.6
1703678460;6.341518561;5.831434208;51.6;3.3
1703700060;5.978085558;5.503843622;35.4;7.6
1703721660;5.694882925;5.240985831;35.8;5.6
1703743260;5.566603869;5.125089658;51.2;0.9
1703764860;5.769068581;5.272075094;52.8;1.8
1703786460;5.709627211;5.037012781;35.2;6.7
1703808060;7.466818289;4.161169253;37.6;3.7
1703829660;7.481889067;4.737805944;42.2;0.5
1703851260;6.540179164;5.674227461;50.9;1.0
1703872860;5.897114281;5.424135067;38.1;4.9
1703894460;4.926419514;4.532054031;50.7;1.5
1703916060;5.514151989;5.078050867;54.8;-0.1
1703937660;5.047369814;4.641467681;67.7;-0.6
1703959260;3.438068897;3.164970286;61.4;3.8
1703980860;4.003339253;3.681417422;60.9;3.0
1704002460;5.249736358;4.827217594;62.1;1.8
1704024060;3.579514314;3.297028789;62.4;0.5
1704045660;2.674293858;2.424256283;40.0;3.4
1704067260;3.089095308;2.658883586;40.9;3.2
1704088860;1.895522047;1.696479331;77.1;-2.0
1704110460;1.373297244;1.254498761;51.7;-1.6
1704132060;1.690979133;1.553905622;30.6;5.8
1704153660;1.827512108;1.679665433;30.0;4.6
1704175260;1.279556472;1.177191939;44.9;-0.2
1704196860;0.897062428;0.825297417;25.4;-0.1
1704218460;1.052784981;0.968562183;12.5;5.3
1704240060;1.626037228;1.479253328;23.8;4.3
1704261660;1.004556572;0.850576339;34.2;-0.3
1704283260;1.460831233;1.279478897;27.6;-0.6
1704304860;1.853357736;1.664087592;19.2;6.6
1704326460;2.757306842;2.452223972;27.4;4.6
1704348060;2.388065322;1.931074728;34.0;0.5
1704369660;2.080387914;1.677539694;44.3;0.2
1704391260;2.8586419;3.111786669;30.1;6.2
1704412860;3.651479906;3.2575913;33.8;4.4
1704434460;3.069160242;2.643077056;40.0;0.0
1704456060;3.918083031;3.710052008;39.0;0.4
1704477660;5.108967425;4.316403942;29.4;6.8
1704499260;5.097047794;5.259124211;33.2;5.0
1704520860;3.319162761;3.068651222;37.3;1.7
1704542460;1.884373994;1.73120025;29.1;1.0
1704564060;3.5694884;3.158807328;23.8;7.0
1704585660;3.897153242;3.906749108;24.7;6.1
1704607260;3.462729358;3.139759278;31.6;1.8
1704628860;2.057335344;1.8958301;26.4;2.1
1704650460;2.280929431;1.854319331;18.7;7.7
1704672060;1.335372114;1.322739175;13.1;7.3
1704693660;1.080817753;0.984446636;16.6;2.3
1704715260;1.472793917;1.353482336;15.1;2.5
1704736860;1.717530339;1.656942319;14.6;7.3
1704758460;2.459600267;2.336829572;13.9;7.0
1704780060;3.823996522;3.523953853;16.5;2.9
1704801660;4.912715839;4.518418914;16.0;3.3
1704823260;5.089583536;4.677055258;21.2;7.8
1704844860;5.134745831;4.724503425;23.7;5.7
1704866460;3.972514803;3.654665869;28.3;1.3
1704888060;4.255604906;3.913649625;28.4;1.2
1704909660;3.809246428;3.493920992;28.5;1.1
1704931260;3.212267844;2.958227031;28.2;1.0
1704952860;2.548382136;2.346210711;39.3;0.8
1704974460;2.326479886;2.150517756;39.5;0.6
1704996060;2.042057492;1.874745503;39.8;0.5
1705017660;1.750672678;1.609784919;40.6;0.3
1705039260;1.231837592;1.139209928;43.8;-0.1
1705060860;1.020249061;0.937094469;44.7;-0.4
1705082460;1.822461969;1.6676371;44.8;-0.6
1705104060;3.768986456;3.450830664;45.2;-0.6
1705125660;3.394232603;3.114383214;82.1;-0.4
1705147260;2.64335925;2.4337046;83.2;-0.6
1705168860;3.494015647;3.210771514;83.0;-0.6
1705190460;4.617650042;4.250014214;83.4;-0.7
1705212060;1.882622619;1.730403583;75.0;0.3
1705233660;1.088921644;1.000550106;72.6;0.5
1705255260;2.320953803;2.130082167;72.8;0.4
1705276860;5.197885833;4.783428394;76.7;0.1
1705298460;6.296009564;5.790648283;42.4;2.7
1705320060;6.473144453;5.942601567;42.6;2.8
1705341660;6.673377428;5.081963317;43.9;7.4
1705363260;6.928463033;4.021264742;43.6;7.4
1705384860;5.971063925;5.5222959;53.9;3.3
1705406460;5.088563128;4.733550103;54.6;3.0
1705428060;2.677276867;3.471344847;14.1;8.7
1705449660;3.284076836;3.556131536;16.7;8.6
1705471260;4.185690481;3.953301811;41.8;4.0
1705492860;6.2682879;5.770878239;57.5;3.2
1705514460;7.275633203;4.724048003;45.2;7.9
1705536060;6.927325839;4.151490453;46.5;7.0
1705557660;6.269035753;5.379211781;59.5;3.5
1705579260;5.702056517;5.243769833;60.5;3.0
1705600860;5.671041319;5.511705175;30.3;8.9
1705622460;6.360867661;5.314221606;35.4;7.3
1705644060;7.264383803;5.375322422;43.5;3.7
1705665660;7.135751511;5.673170897;37.3;4.7
1705687260;6.781219186;5.623857836;39.0;8.6
1705708860;6.340586811;4.904268108;47.4;7.0
1705730460;6.376704608;5.435233653;70.7;2.9
1705752060;5.580621831;5.134475956;60.6;3.2
1705773660;6.3937616;4.928708408;51.1;7.0
1705795260;7.342663136;2.734768869;58.4;5.0
1705816860;6.441688272;5.343796431;68.5;2.4
1705838460;5.462511242;5.026886081;37.9;3.8
1705860060;5.030461061;4.862668236;40.8;7.2
1705881660;4.914462775;5.218866453;46.3;6.2
1705903260;4.31828275;4.190781433;70.5;1.2
1705924860;3.885403461;3.703067667;69.4;0.9
1705946460;3.390012625;3.0591563;34.9;6.8
1705968060;3.883447575;3.622859683;24.6;7.5
1705989660;2.471371922;2.269659883;26.9;7.2
1706011260;1.7258831;1.584994831;29.5;7.1
1706032860;2.252426831;1.799367067;30.6;7.0
1706054460;3.21851645;3.186290517;30.4;5.8
1706076060;2.804510967;2.2936548;75.3;-1.2
1706097660;1.697801194;1.469073656;53.8;-0.8
1706119260;2.731394539;2.036293075;25.4;5.0
1706140860;3.323992053;2.870642739;29.5;5.4
1706162460;2.519390736;2.284614247;83.2;-1.2
1706184060;2.674391125;2.454538786;72.8;-0.9
1706205660;3.908665583;3.621103328;38.0;6.2
1706227260;6.123615983;4.414048264;49.9;4.8
1706248860;5.554217111;4.687702481;83.8;0.6
1706270460;4.099281703;3.703379639;77.9;0.8
1706292060;3.862764358;3.684295453;37.6;6.4
1706313660;5.545547269;4.006566061;55.2;4.9
1706335260;2.516231406;2.189419097;87.2;2.4
1706356860;5.420101286;4.986493161;73.1;4.2
1706378460;5.780995436;5.108274589;59.0;6.0
1706400060;7.173515525;2.893215942;67.2;3.9
1706421660;3.401732014;3.100463503;93.0;-0.1
1706443260;2.4260791;2.201635408;82.1;-0.2
1706464860;4.210201864;3.185546556;64.0;3.7
1706486460;4.279903764;3.203085592;52.8;4.0
1706508060;2.272652614;2.081776214;78.7;-1.6
1706529660;1.453537628;1.327507261;57.9;-1.7
1706551260;1.984075372;1.69077515;28.9;4.5
1706572860;2.849464489;2.345493856;35.8;4.4
1706594460;1.684101628;1.275213747;61.9;-0.9
1706616060;1.004550447;0.551746483;44.0;-2.0
1706637660;2.572788489;2.088097861;33.0;3.1
1706659260;4.893811178;4.502968519;40.1;2.3
1706680860;4.247223722;3.902042375;49.8;0.2
1706702460;2.861366817;2.639666119;58.9;-0.8
1706724060;3.413902533;3.139187022;28.2;5.7
1706745660;4.071238569;3.745539475;24.5;5.9
1706767260;3.211531111;2.954608617;39.1;0.5
1706788860;3.485673175;3.18757165;88.0;-1.6
1706810460;4.340748322;3.284433353;43.7;5.4
1706832060;4.943249239;5.029540486;31.8;6.9
1706853660;4.671419333;4.295180136;36.5;0.9
1706875260;5.257183175;4.833583019;40.8;0.1
1706896860;5.384286178;4.041934692;39.1;6.4
1706918460;4.239588875;3.336032892;53.7;4.5
1706940060;5.444684156;5.009694581;65.1;0.4
1706961660;3.649091947;3.345510889;73.1;-0.3
1706983260;4.023192122;3.378686839;40.7;6.3
1707004860;6.022049856;4.964595383;36.3;7.9
1707026460;4.443981981;4.090412406;72.6;2.1
1707048060;4.09949775;3.776350606;86.4;-0.5
1707069660;3.432264183;2.739932083;34.1;6.6
1707091260;3.228058597;1.342556956;69.0;2.8
1707112860;4.625679558;3.141128583;98.0;-1.3
1707134460;4.699421506;4.322946664;98.1;-1.4
1707156060;4.338410069;3.995038231;98.3;-1.5
1707177660;2.235832236;2.030829914;98.4;-1.6
1707199260;3.727759381;3.409763381;98.6;-1.6
1707220860;4.623383147;4.254343197;98.7;-1.7
1707242460;4.112073425;3.791184017;98.9;-1.8
1707264060;1.761177864;1.615605592;99.0;-1.9
1707285660;1.746315364;1.607714517;95.1;-2.2
1707307260;2.2835056;2.094050272;68.0;-2.2
1707328860;3.091249678;2.838653394;71.4;1.5
1707350460;1.846266133;1.6990286;89.1;0.1
1707372060;1.005733856;0.923360931;99.3;-1.6
1707393660;2.050299603;1.887860894;84.8;-3.3
1707415260;3.894412881;2.068197811;75.7;1.1
1707436860;2.011816275;1.800326139;90.7;-0.6
1707458460;1.969689875;1.804176067;52.1;0.5
1707480060;1.641318472;1.509808597;52.7;0.1
1707501660;2.125190178;1.956285147;52.8;-0.2
1707523260;3.228793683;2.965018633;55.6;-0.2
1707544860;1.991414125;1.833937872;86.0;-1.1
1707566460;1.075520094;0.994551967;65.8;-1.2
1707588060;2.542375769;2.339833453;47.8;-1.3
1707609660;5.289009489;4.860637825;48.9;-1.5
1707631260;4.549645344;4.191233933;50.9;-0.1
1707652860;5.266692825;4.846846367;56.1;-0.4
1707674460;5.417477231;4.981893181;50.0;-0.6
1707696060;4.111605894;3.779408619;53.1;-0.4
1707717660;4.426618794;4.073714797;62.9;3.2
1707739260;3.849273736;3.538361922;62.7;3.2
1707760860;3.798528564;3.499180036;63.7;3.2
1707782460;2.489366528;2.283240336;63.4;3.2
1707804060;2.761664742;2.540753706;95.8;1.6
1707825660;2.560417889;2.353620933;99.1;1.6
1707847260;2.551995147;2.343756506;79.5;1.6
1707868860;1.50665855;1.385304189;80.2;1.6
1707890460;3.391721186;3.124952736;79.4;2.7
1707912060;5.741827425;5.28178545;79.6;2.7
1707933660;4.616950733;4.248840736;79.6;2.7
1707955260;3.794621869;3.488051708;79.8;2.6
1707976860;1.993911919;1.835977294;72.4;1.4
1707998460;1.978274492;1.827946725;72.8;1.2
1708020060;3.980879583;3.667276306;72.1;1.3
1708041660;5.463824358;5.030134825;72.4;1.3
1708063260;5.083118325;4.683587381;60.6;2.6
1708084860;4.368630258;4.015699789;58.2;2.3
1708106460;3.969527297;3.642183417;55.6;2.0
1708128060;3.502971994;3.221888853;53.1;1.7
1708149660;3.810252808;3.506147989;62.9;1.6
1708171260;3.927197817;3.605942647;71.5;1.8
1708192860;3.295728039;3.032211894;49.1;6.8
1708214460;3.235113558;2.983865311;46.1;6.0
1708236060;4.236508419;3.896925717;62.1;1.4
1708257660;4.68972515;4.3187534;69.6;2.0
1708279260;4.229670869;3.892658453;52.9;6.4
1708300860;4.790435633;4.405607844;43.6;6.1
1708322460;5.756221633;5.289247753;54.8;1.1
1708344060;5.161646558;4.753516708;47.8;1.6
1708365660;4.992934144;4.598106933;36.9;6.2
1708387260;3.694981431;3.400919536;60.0;3.9
1708408860;5.017455397;4.614820414;78.4;0.2
1708430460;5.100699869;4.693692722;58.8;0.4
1708452060;4.307385897;3.964347275;57.7;4.4
1708473660;1.494038894;1.366414519;84.9;0.5
1708495260;2.806805164;2.581745686;98.3;-2.4
1708516860;4.527379539;4.166005236;93.0;-3.4
1708538460;2.955308664;2.718640992;90.2;-0.3
1708560060;1.621612164;1.493042472;97.6;-2.1
1708581660;2.035872492;1.867817475;97.4;-3.7
1708603260;1.712512744;1.575659933;96.6;-5.4
1708624860;1.176668661;1.080554472;75.2;-2.9
1708646460;2.316638775;2.131923447;76.1;-1.2
1708668060;2.021403042;1.847389956;95.4;-4.0
1708689660;1.962741047;1.803974122;21.2;-2.0
1708711260;2.786311008;2.564331944;44.5;2.2
1708732860;3.901854069;3.589705742;52.2;1.4
1708754460;2.812665331;2.587652122;75.7;-1.1
1708776060;3.134598094;2.883830264;43.7;0.1
1708797660;3.838036083;3.530993217;57.5;3.7
1708819260;2.810040525;2.585237275;60.9;2.6
1708840860;2.602314292;2.394129139;87.5;-0.5
1708862460;3.409954697;3.137158325;86.6;0.3
1708884060;3.281540969;3.019017703;63.3;3.9
1708905660;4.728547661;4.350263839;48.6;3.4
1708927260;3.44213955;3.166768381;48.2;1.3
1708948860;3.671216433;3.377519114;56.0;1.9
1708970460;3.916194528;3.602898956;47.8;6.1
1708992060;2.705437625;2.491186717;59.8;3.3
1709013660;2.739070856;2.520610331;66.6;1.6
1709035260;3.328569964;3.060794197;74.5;1.3
1709056860;3.838016122;3.526999225;52.8;6.1
1709078460;4.482484711;4.125960253;49.2;4.1
1709100060;5.361962267;4.927323075;56.3;1.2
1709121660;5.36091285;4.927291997;65.3;0.9
1709143260;4.804943167;4.401474292;47.0;5.8
1709164860;4.688898644;4.316294169;45.9;4.2
1709186460;5.128441592;4.724537714;51.8;1.5
1709208060;4.870726125;4.488799303;57.3;0.8
1709229660;4.922513883;4.529160406;38.3;6.2
1709251260;4.937444942;4.539352403;36.9;4.9
1709272860;5.540432519;5.093243844;50.9;0.9
1709294460;3.96064095;3.657304583;85.6;0.1
1709316060;4.5365473;4.176229403;51.3;5.6
1709337660;4.107484625;3.776667581;47.3;4.3
1709359260;4.844235892;4.460568014;56.8;0.9
1709380860;4.948859308;4.5472912;62.6;1.4
1709402460;5.754518739;3.891658542;44.9;6.2
1709424060;6.011052517;3.879868492;43.1;3.7
1709445660;4.853824314;4.465518389;50.8;1.0
1709467260;5.174661525;4.387525797;49.3;0.6
1709488860;6.699248339;3.660097222;40.5;4.5
1709510460;5.338113792;3.937408458;42.4;2.5
1709532060;5.404883394;4.967152286;55.3;0.1
1709553660;5.171587517;4.790399219;55.3;0.1
1709575260;4.509511408;3.552535131;40.2;4.6
1709596860;3.949134619;3.138194611;41.6;3.1
1709618460;3.140546094;2.752369653;50.9;-0.2
1709640060;2.804861761;2.503262956;58.7;-0.9
1709661660;3.268899317;2.406740583;34.0;4.5
1709683260;4.0468175;3.346507367;36.7;3.5
1709704860;2.242234294;2.046899692;51.0;-1.5
1709726460;2.144866706;1.964107706;55.0;-2.3
1709748060;2.801718703;2.342523361;36.7;2.3
1709769660;3.820182561;3.872841419;37.7;2.5
1709791260;2.312457336;2.100165172;56.8;-3.4
1709812860;1.415264261;1.295670189;39.4;-1.4
1709834460;1.021044778;0.978643231;12.4;3.5
1709856060;1.521165158;1.297690769;17.1;3.1
1709877660;0.937328533;0.871376561;41.0;-1.6
1709899260;0.580355219;0.531340164;21.4;-1.3
1709920860;1.118348353;0.921268931;9.0;5.8
1709942460;1.562891917;1.434158364;10.8;4.4
1709964060;1.8389536;1.712588406;17.1;1.5
1709985660;2.027423472;1.815013931;7.9;1.3
1710007260;3.270828;2.950249294;12.9;8.0
1710028860;4.106973211;4.424886911;15.6;6.3
1710050460;4.913935625;4.999793539;22.4;3.5
1710072060;4.445624489;4.134732842;22.3;3.2
1710093660;4.986503956;5.213868486;22.7;7.7
1710115260;6.168539364;4.801815556;30.6;5.2
1710136860;5.464001511;5.193101706;36.0;2.2
1710158460;5.262214336;4.841237178;36.4;2.1
1710180060;5.214490919;5.359101361;30.8;8.4
1710201660;6.049793178;5.170731642;29.5;6.6
1710223260;7.090179444;4.515764597;42.9;3.5
1710244860;6.770590961;5.462983589;39.9;3.1
1710266460;6.570093792;4.775258936;33.4;8.7
1710288060;6.574935847;4.3401829;27.2;7.3
1710309660;3.329558539;3.070806942;35.1;4.5
1710331260;4.811419958;3.420134567;39.5;4.3
1710352860;7.054952786;4.869480347;32.9;8.2
1710374460;6.042891353;5.390206694;24.8;6.8
1710396060;6.843248056;4.933535236;32.7;3.3
1710417660;5.755459567;4.148166714;46.1;3.4
1710439260;7.661117039;3.711823222;40.4;7.3
1710460860;7.857576392;4.009422119;32.4;5.9
1710482460;6.919535056;5.153967289;40.1;2.8
1710504060;5.893891656;5.428861;35.5;2.9
1710525660;5.784510489;5.603339767;30.6;7.6
1710547260;5.75551285;5.436783172;36.8;6.0
1710568860;4.771106431;4.725310378;48.2;1.3
1710590460;3.565122486;3.261890683;44.4;1.4
1710612060;3.693113856;3.280348947;21.0;6.9
1710633660;3.574834608;3.328271672;26.3;5.1
1710655260;3.320530742;2.817239256;36.5;1.4
1710676860;2.623244681;2.372029011;23.4;1.9
1710698460;3.111585611;2.840885503;23.5;6.9
1710720060;2.334111694;2.053810392;26.7;4.8
1710741660;1.813921842;1.551224308;39.5;1.1
1710763260;0.964092033;0.861928669;29.6;0.6
1710784860;1.7258972;1.514817889;23.1;5.8
1710806460;3.138448536;2.635138822;37.4;3.7
1710828060;2.857684761;2.250905806;58.6;0.2
1710849660;2.33772175;1.908016667;71.3;-2.2
1710871260;2.324229306;1.961682789;34.6;3.0
1710892860;3.6337643;2.449857272;50.5;2.0
1710914460;3.497073422;2.566348103;86.6;-2.6
1710936060;2.787106047;2.338919092;39.0;-2.3
1710957660;2.041972139;1.799730839;23.8;1.5
1710979260;3.016082411;2.347506878;45.0;0.4
1711000860;1.672719667;1.416529458;67.6;-2.8
1711022460;1.023702128;0.865956039;9.8;-0.8
1711044060;1.629523122;1.337790728;17.1;5.8
1711065660;2.488023178;1.774980147;28.4;4.0
1711087260;2.308242428;1.953149697;18.6;1.7
1711108860;1.746342203;1.508444642;19.6;1.7
1711130460;2.213597078;2.239981992;18.1;7.4
1711152060;5.594933767;4.753811372;36.8;5.1
1711173660;4.548989256;4.075555469;45.8;2.6
1711195260;3.410421119;2.593617847;49.9;1.3
1711216860;2.745261408;2.391910867;25.1;7.8
1711238460;5.966645386;4.856064069;41.4;5.9
1711260060;4.212346419;4.063878825;35.5;3.4
1711281660;3.364392867;3.011900253;26.1;2.6
1711303260;2.556118936;1.951174889;13.7;7.9
1711324860;4.171297486;3.659683233;31.0;6.7
1711346460;3.544477311;2.961888456;33.8;2.5
1711368060;2.707080814;2.170202281;28.5;0.3
1711389660;2.667514892;2.337810639;18.3;6.5
1711411260;5.594839914;4.376158439;56.2;4.0
1711432860;5.027672414;4.739172739;63.7;1.0
1711454460;3.948040017;3.527513547;63.3;-0.6
1711476060;5.314578956;3.842613847;50.8;3.4
1711497660;3.194097958;1.413047458;83.9;-0.3
1711519260;0.901894222;0.833134569;95.9;-2.9
1711540860;1.185971175;1.061686689;73.4;-1.9
1711562460;4.564477425;3.313268517;69.6;1.0
1711584060;2.440696589;1.932095431;90.5;-1.3
1711605660;3.819816381;3.51324985;95.5;-2.9
1711627260;4.241235281;3.82679375;70.9;-3.4
1711648860;3.933213208;3.553341625;72.8;-0.3
1711670460;1.980184708;1.824015994;93.5;-1.6
1711692060;3.891567783;3.577340064;94.4;-2.2
1711713660;3.307185592;3.039464711;91.3;-2.2
1711735260;3.396703856;3.134796506;88.2;-2.2
1711756860;1.304983244;1.191757561;85.1;-2.3
1711778460;1.292930158;1.193177278;82.0;-2.3
1711800060;1.421544111;1.308489317;78.9;-2.3
1711821660;1.786890464;1.644633006;75.8;-2.3
1711843260;2.607763356;2.393566814;72.7;-2.3
1711864860;2.106291553;1.934037197;69.6;-2.3
1711886460;1.295030481;1.196594911;66.5;-2.4
1711908060;1.227150261;1.129383203;63.4;-2.4
1711929660;2.685934464;2.468559861;60.4;-2.4
1711951260;3.335005656;2.590863722;67.7;-3.0
1711972860;2.490895711;2.1517239;48.0;-1.7
1711994460;1.904850061;1.585368547;40.3;3.1
1712016060;1.670662542;1.385686192;40.5;1.7
1712037660;0.834859636;0.637767172;30.9;-0.8
1712059260;1.146361261;0.980078681;24.6;-1.4
1712080860;1.551682517;1.373645631;33.3;2.2
1712102460;2.910551319;2.509346578;37.2;1.1
1712124060;2.608884436;2.0746952;29.7;-0.3
1712145660;1.364965672;1.224455183;21.5;-0.7
1712167260;1.365968397;1.209676464;23.9;2.4
1712188860;2.1732353;1.722982978;31.2;1.4
1712210460;2.900330975;2.466532564;24.2;0.3
1712232060;2.075363128;1.614679586;34.1;0.7
1712253660;2.863379544;2.405547767;32.5;3.1
1712275260;3.473498247;3.409781758;35.7;2.3
1712296860;3.389133025;3.129523753;35.4;1.7
1712318460;4.254665431;4.255291164;44.4;1.1
1712340060;5.151597492;5.373887983;41.0;4.4
1712361660;5.042396317;5.372963456;42.2;3.1
1712383260;5.186194928;5.317594336;45.1;1.5
1712404860;5.046165817;5.089340281;49.2;0.7
1712426460;4.673222786;4.746693467;44.9;3.0
1712448060;4.279158181;4.348696644;46.6;2.3
1712469660;3.080606767;2.583952719;40.2;0.6
1712491260;1.941423131;1.7355687;13.3;1.0
1712512860;2.175915667;1.853866864;24.7;3.7
1712534460;2.424591767;2.004217258;32.6;2.7
1712556060;1.669154222;1.457814947;36.1;0.0
1712577660;0.939358544;0.819194067;32.4;-0.7
1712599260;0.73805555;0.685870389;24.2;2.0
1712620860;1.342651331;1.322856911;27.4;1.2
1712642460;0.872643186;0.764096736;37.0;-3.3
1712664060;0.416612739;0.2820745;16.0;-1.8
1712685660;0.749767906;0.594516347;10.3;4.3
1712707260;1.109737975;1.102196531;18.2;2.4
1712728860;0.630363767;0.515667431;15.8;0.4
1712750460;0.548754211;0.460000889;6.0;0.0
1712772060;0.715828483;0.622641653;8.1;3.9
1712793660;1.535586867;1.421201175;27.6;3.3
1712815260;1.040172236;0.959776825;33.7;2.0
1712836860;1.005621944;0.925967325;38.8;0.6
1712858460;1.473449572;1.348927689;43.9;-0.7
1712880060;2.007775981;1.850284119;49.0;-2.0
1712901660;1.520649842;1.399070817;30.3;-2.0
1712923260;1.667283089;1.541061661;13.8;-1.5
1712944860;2.257909942;2.038298722;17.5;2.3
1712966460;2.800694344;2.517151972;46.6;-0.5
1712988060;2.524601856;2.056997158;54.5;-3.9
1713009660;3.141904164;2.219619478;70.3;-3.4
1713031260;2.691063158;2.089526381;55.5;0.1
1713052860;3.277166622;2.072994628;82.1;-0.9
1713074460;1.64426915;1.434866147;88.3;-4.9
1713096060;1.956521661;1.545493361;90.3;-6.5
1713117660;2.631785814;2.272379753;64.6;-1.8
1713139260;1.535652031;1.404649897;85.0;-3.3
1713160860;1.226864097;1.116093797;93.4;-6.6
1713182460;1.300632478;1.195356589;89.9;-9.1
1713204060;1.467026906;1.356506956;77.4;-6.6
1713225660;2.407059475;1.644302819;72.0;-5.4
1713247260;0.668585219;0.572414939;42.1;-8.4
1713268860;0.725965986;0.617480408;8.0;-5.7
1713290460;0.849656075;0.714209119;9.4;0.1
1713312060;0.844772189;0.737183753;17.4;-0.2
1713333660;0.581985711;1.615427558;13.3;-1.0
1713355260;0.564219272;1.614065592;7.9;-0.6
1713376860;0.667973031;1.577414722;8.2;4.1
1713398460;0.563724653;0.844044386;11.4;2.9
1713420060;0.308311047;1.050141953;8.9;0.8
1713441660;0.2721074;0.525106675;6.9;-0.8
1713463260;0.601591986;1.728102678;6.2;5.7
1713484860;1.001352439;1.727262736;12.4;3.3
1713506460;0.699912942;0.660425353;10.1;0.8
1713528060;0.391378572;0.465754253;2.6;1.6
1713549660;0.444372236;0.503390231;3.9;5.4
1713571260;0.969071033;1.111086361;12.2;3.1
1713592860;1.458395117;0.766101622;12.0;1.1
1713614460;1.497804328;0.428675831;16.4;0.3
1713636060;2.165979178;0.537419317;20.2;4.4
1713657660;2.904171642;1.316929811;26.6;2.3
1713679260;4.176785778;1.504223197;32.3;1.3
1713700860;3.901889144;1.635430147;33.6;-0.3
1713722460;3.717074228;1.648334156;27.7;2.8
1713744060;3.609692119;1.853364603;30.3;1.2
1713765660;3.318341889;1.800892886;26.0;-2.0
1713787260;2.926264722;1.769599636;37.8;-2.5
1713808860;2.682073664;1.871477919;34.9;2.1
1713830460;2.553799486;2.192068183;33.5;1.3
1713852060;1.737217514;2.023925053;44.3;-1.9
1713873660;1.332209883;1.797972472;48.5;-3.7
1713895260;1.145927747;1.497605372;23.0;1.8
1713916860;1.294950781;1.344227147;21.6;1.8
1713938460;0.973266717;0.643336694;22.2;-0.1
1713960060;0.637293981;0.600977583;13.3;0.2
1713981660;0.821019028;1.070554372;6.1;4.9
1714003260;1.081312872;1.745827144;15.8;2.5
1714024860;1.821251306;1.573605472;21.1;-0.3
1714046460;1.674505086;1.651539486;8.1;0.5
1714068060;1.715395639;1.471957908;14.7;4.9
1714089660;2.037172058;1.648131758;17.5;3.3
1714111260;2.621542292;1.183000328;29.1;1.0
1714132860;2.810403633;1.246910506;29.0;0.1
1714154460;2.369998411;1.329135669;16.6;4.5
1714176060;2.564965747;1.710605767;19.3;2.9
1714197660;2.723445519;1.271876744;16.3;1.3
1714219260;2.681983336;0.877232661;14.7;-0.9
1714240860;3.060468003;0.734556136;31.0;2.8
1714262460;2.956372108;1.481958633;35.7;2.3
1714284060;2.602264517;1.321267969;32.7;0.9
1714305660;2.719655347;0.797417753;25.8;0.9
1714327260;3.035113553;0.693239969;23.9;3.1
1714348860;3.070390419;0.920983475;35.1;0.9
1714370460;3.099304286;0.922250431;66.1;-4.0
1714392060;2.955949181;0.739826817;79.4;-5.5
1714413660;2.372959783;0.716809164;52.3;-0.9
1714435260;2.753113986;0.713407661;50.4;-0.8
1714456860;2.170099386;0.554739475;79.0;-5.7
1714478460;1.316546114;0.466091611;60.5;-6.3
1714500060;0.859488894;0.553497586;29.3;-1.1
1714521660;0.681714144;0.626417758;29.5;0.2
1714543260;0.601602764;0.558156147;31.5;0.5
1714564860;0.564268731;0.509670633;33.6;0.8
1714586460;0.585017294;0.54072265;35.6;1.1
1714608060;0.812112811;0.744878642;48.8;-0.9
1714629660;0.796345531;0.7326379;80.2;-6.1
1714651260;1.018342972;0.936875528;69.2;-5.7
1714672860;1.881606233;1.124581472;48.5;-1.2
1714694460;3.742351639;1.487090392;77.5;-2.1
1714716060;1.701213556;1.559215889;95.4;-4.9
1714737660;1.902243889;1.743605831;93.8;-7.0
1714759260;1.908699139;1.75541905;74.8;-5.0
1714780860;2.126981883;1.877925989;68.9;-4.9
1714802460;0.986098058;0.846946994;74.0;-8.9
1714824060;0.446767367;0.343570156;18.8;-8.3
1714845660;0.436328064;0.387431497;7.3;-1.8
1714867260;1.268034264;1.215413161;26.7;-2.1
1714888860;0.812216278;0.65164935;22.6;-4.4
1714910460;0.84242905;0.715841131;12.0;-4.6
1714932060;1.464296222;1.376367897;10.6;0.2
1714953660;2.780289003;2.327519475;30.9;-0.8
1714975260;2.431726442;2.023783267;39.9;-5.0
1714996860;3.016567972;2.49489415;51.7;-5.7
1715018460;3.277071811;2.844224786;44.6;-0.6
1715040060;3.144170036;2.917775847;46.0;-1.0
1715061660;3.041932253;2.445459981;64.6;-5.5
1715083260;2.722616325;2.187264825;49.4;-5.7
1715104860;2.536455756;2.102485833;30.4;-0.7
1715126460;2.633964164;2.425455711;56.7;-3.0
1715148060;2.240341422;1.808966989;66.6;-7.2
1715169660;1.488001353;1.395222297;20.3;-7.0
1715191260;1.251349106;1.171882722;9.6;1.2
1715212860;1.565858;1.495030833;20.6;0.3
1715234460;1.37921255;1.253883733;24.0;-4.3
1715256060;1.555475747;1.457043936;20.4;-4.4
1715277660;2.493245567;2.114896411;20.5;1.3
1715299260;3.496860008;3.446004253;26.9;0.0
1715320860;3.982420869;3.719515117;47.8;-3.7
1715342460;3.429157658;2.970413814;62.0;-5.1
1715364060;2.364660661;2.038468244;42.3;0.5
1715385660;2.361438147;2.088597486;39.7;0.0
1715407260;1.817312042;1.570074564;59.4;-4.7
1715428860;1.33079555;1.156843411;55.3;-6.4
1715450460;1.496342067;1.425135319;27.5;0.4
1715472060;2.312551325;2.031375164;36.5;-0.6
1715493660;1.600943283;1.396171106;53.6;-5.9
1715515260;1.315239439;1.180060981;51.9;-7.0
1715536860;1.190695375;1.1743737;14.5;0.4
1715558460;1.444807933;1.418940333;24.8;-1.4
1715580060;1.291184342;1.191582825;33.8;-5.5
1715601660;1.323149528;1.247132342;14.1;-6.0
1715623260;1.474925356;1.400681233;11.4;-0.2
1715644860;1.639936061;1.558252347;18.8;-0.9
1715666460;1.504586522;1.375155939;22.7;-4.5
1715688060;1.214079464;1.099105344;20.3;-7.0
1715709660;2.329469611;2.112910008;23.1;0.8
1715731260;4.061808286;3.789911853;25.3;-1.1
1715752860;4.741856831;4.332118381;38.8;-3.7
1715774460;4.914283917;3.577806497;50.3;-3.4
1715796060;4.193797239;3.285515383;42.5;-0.9
1715817660;6.044839569;2.217354789;63.7;-3.7
1715839260;5.639042758;2.152914206;73.8;-5.6
1715860860;3.531877842;2.116601375;61.3;-6.5
1715882460;2.851220733;2.413164983;44.4;-3.3
1715904060;4.235030931;2.586468844;74.8;-4.1
1715925660;2.909926344;1.615427558;50.6;-5.9
1715947260;2.739255267;1.614065592;36.6;-7.3
1715968860;3.911380639;1.577414722;38.4;-5.3
1715990460;5.441558589;0.844044386;63.7;-5.6
1716012060;1.148351606;1.050141953;89.0;-8.3
1716033660;0.579351556;0.525205886;91.5;-8.9
1716055260;1.874968208;1.728102678;84.3;-7.8
1716076860;1.823950197;1.727262736;64.0;-6.7
1716098460;0.792930831;0.660425353;53.3;-9.6
1716120060;0.53280435;0.465754253;10.3;-6.9
1716141660;0.576479836;0.503390231;6.2;-2.0
1716163260;1.156753072;1.111086361;20.0;-3.2
1716184860;0.922972903;0.766101622;34.7;-7.1
1716206460;0.484577419;0.428675831;12.7;-7.7
1716228060;0.596664072;0.537419317;6.3;-2.1
1716249660;1.382411625;1.316929811;22.0;-3.0
1716271260;1.669142853;1.504223197;35.3;-7.1
1716292860;1.813860583;1.635430147;20.6;-7.6
1716314460;1.798050728;1.648334156;12.4;-1.9
1716336060;2.220054361;1.853364603;24.7;-2.8
1716357660;2.162589739;1.800892886;41.2;-7.8
1716379260;2.089227658;1.769599636;29.9;-8.3
1716400860;2.177057428;1.871477919;18.5;-3.6
1716422460;2.669950547;2.192068183;33.1;-4.6
1716444060;2.574114278;2.023925053;36.7;-8.2
1716465660;2.660494356;1.797972472;36.8;-8.9
1716487260;1.571307233;1.497605372;26.6;-5.4
1716508860;1.427170517;1.344227147;30.1;-6.3
1716530460;0.751444808;0.643336694;25.7;-8.5
1716552060;0.710015983;0.600977583;16.4;-8.2
1716573660;1.144432186;1.070554372;11.8;-2.9
1716595260;1.923521825;1.745827144;25.7;-4.8
1716616860;1.756029642;1.573605472;38.7;-9.6
1716638460;1.811772056;1.651539486;49.8;-11.5
1716660060;1.442728547;1.471957908;25.9;-4.7
1716681660;1.783200275;1.648131758;30.2;-5.5
1716703260;1.318030533;1.183000328;36.1;-9.9
1716724860;1.325422139;1.246910506;31.0;-11.3
1716746460;1.367635469;1.329135669;17.3;-5.0
1716768060;1.765410358;1.710605767;28.5;-6.3
1716789660;1.294860247;1.271876744;26.6;-9.5
1716811260;0.890599931;0.877232661;7.1;-7.9
1716832860;0.756229431;0.734556136;18.9;-3.3
1716854460;1.590543669;1.481958633;21.1;-4.5
1716876060;1.386503989;1.321267969;29.7;-8.5
1716897660;0.867260503;0.797417753;30.4;-9.3
1716919260;0.815796686;0.693239969;18.7;-3.0
1716940860;0.984824708;0.920983475;16.4;-3.0
1716962460;1.050040931;0.922250431;14.6;-4.2
1716984060;0.881600236;0.739826817;10.2;-3.4
1717005660;0.844805739;0.716809164;8.7;1.0
1717027260;0.832399831;0.713407661;10.0;-0.8
1717048860;0.662548281;0.554739475;11.9;-3.3
1717070460;0.547672756;0.466091611;8.1;-3.9
1717092060;0.672506519;0.553497586;5.1;0.5
1717113660;0.741203083;0.626417758;7.9;-0.9
1717135260;0.689204325;0.558156147;13.7;-4.2
1717156860;0.623484739;0.509670633;9.5;-4.7
1717178460;0.614556747;0.54072265;6.3;-0.8
1717200060;0.840187753;0.744878642;8.6;-1.6
1717221660;0.887372033;0.7326379;11.9;-5.6
1717243260;1.069890589;0.936875528;15.2;-5.6
1717264860;1.216773706;1.124581472;7.4;-0.3
1717286460;1.627945964;1.487090392;12.1;-1.8
1717308060;2.072149892;1.793124939;14.4;-4.7
1717329660;2.068031881;1.794274447;12.3;-4.2
1717351260;1.748288325;1.597234367;18.8;0.4
1717372860;1.547643572;1.437043461;21.8;0.1
1717394460;1.354423461;1.218858369;18.3;-1.5
1717416060;1.191515997;1.072703617;17.9;-1.5
1717437660;1.077538675;0.990575306;12.2;2.4
1717459260;1.279053453;1.221154911;16.6;1.1
1717480860;1.521100286;1.409832808;20.5;-2.6
1717502460;1.656266669;1.531308667;16.7;-2.9
1717524060;1.615699803;1.503918831;10.6;1.8
1717545660;1.646097411;1.561955692;14.9;0.3
1717567260;1.531136203;1.398559642;16.9;-1.4
1717588860;1.183743706;1.086357167;7.4;-0.2
1717610460;1.093651417;1.015043403;6.7;3.5
1717632060;1.139907378;1.035800761;12.6;1.5
1717653660;0.899314142;0.764367461;7.2;1.2
1717675260;0.823974989;0.690638125;7.2;0.7
1717696860;0.737264303;0.626068525;4.0;3.9
1717718460;0.670788881;0.574888675;3.8;4.6
1717740060;0.797735767;0.674059067;3.1;1.7
1717761660;0.877085231;0.754831069;7.5;0.5
1717783260;1.216342778;1.129779789;8.2;4.8
1717804860;1.426539486;1.343572886;10.7;3.5
1717826460;1.615755022;1.475157153;15.1;0.1
1717848060;1.468822289;1.365661883;13.8;-2.2
1717869660;1.523304036;1.422982928;12.3;1.7
1717891260;1.928032097;1.732586658;22.5;-1.6
1717912860;1.826118622;1.662495156;38.8;-8.0
1717934460;1.885478639;1.689234764;47.3;-8.2
1717956060;1.211056114;1.185432986;28.9;-2.6
1717977660;1.357411872;1.330767806;30.8;-3.2
1717999260;1.234229622;1.105264472;42.8;-7.4
1718020860;0.843538233;0.737966089;33.3;-8.4
1718042460;0.680620272;0.600000942;11.9;-2.0
1718064060;1.018116322;0.958469006;18.8;-2.9
1718085660;0.819772397;0.694528564;11.2;-4.8
1718107260;0.576438392;0.484988856;3.4;-2.9
1718128860;0.617791586;0.538239917;3.0;1.0
1718150460;0.988004958;0.991635239;10.4;-0.7
1718172060;1.471375289;1.438867328;26.8;-5.1
1718193660;1.487111172;1.433145878;44.4;-6.7
1718215260;1.399194461;1.354567631;42.5;-1.6
1718236860;1.676117219;1.611480608;40.0;-1.9
1718258460;1.623965025;1.568978369;53.3;-6.7
1718280060;2.388543992;2.040328794;59.8;-6.1
1718301660;2.274091589;1.962721447;47.7;-1.9
1718323260;2.489802531;2.059869428;61.4;-4.8
1718344860;1.748934036;1.613817328;91.8;-8.7
1718366460;1.481427733;1.442687986;89.5;-10.5
1718388060;0.886451678;0.8682265;40.0;-5.2
1718409660;1.263354747;1.284323203;60.5;-5.5
1718431260;0.718464508;0.605118022;57.0;-8.9
1718452860;0.564465239;0.492450367;28.4;-9.2
1718474460;0.600387994;0.557517908;17.4;-3.6
1718496060;1.217782464;1.254716211;49.4;-5.1
1718517660;0.734206108;0.581424894;42.6;-8.4
1718539260;0.736363761;0.622216403;26.4;-8.3
1718560860;0.80825335;0.738974303;17.3;-3.5
1718582460;1.343121867;1.303267031;28.5;-4.7
1718604060;1.634105378;1.499736464;39.6;-8.1
1718625660;1.085025436;0.946866303;37.9;-10.3
1718647260;0.535759797;0.473358472;18.7;-6.1
1718668860;0.630428914;0.603546672;22.1;-6.3
1718690460;0.42090895;0.341162114;29.8;-11.4
1718712060;0.319382703;0.231215039;8.9;-10.3
1718733660;0.385480792;0.350345208;6.6;-6.0
1718755260;0.971383483;0.923318783;22.7;-6.7
1718776860;0.676755531;0.603364733;32.3;-11.1
1718798460;0.354778711;0.289501039;9.9;-11.1
1718820060;0.379250753;0.345108672;6.1;-5.9
1718841660;0.551151711;0.525707239;16.1;-5.9
1718863260;0.776665767;0.682953103;36.3;-10.3
1718884860;1.789770339;1.580287172;47.9;-9.8
1718906460;1.712922847;1.495160483;43.9;-6.4
1718928060;1.907819289;1.736296897;50.5;-6.7
1718949660;2.283315994;1.751335239;69.2;-9.9
1718971260;1.739291536;1.541287833;68.1;-10.0
1718992860;1.413013406;1.468240894;59.3;-6.2
1719014460;1.726277747;1.666320578;46.4;-5.4
1719036060;1.319327642;1.344122778;71.7;-10.6
1719057660;1.829482975;1.641448594;69.0;-11.5
1719079260;1.929687386;1.725749439;37.3;-6.0
1719100860;2.504425822;2.051405711;37.6;-5.1
1719122460;1.698674061;1.551000008;32.2;-8.2
1719144060;1.099499197;0.986286792;18.3;-9.1
1719165660;0.599742633;0.528006906;10.9;-3.6
1719187260;1.589670842;1.476833375;28.7;-4.3
1719208860;2.251349497;1.677371397;32.9;-6.7
1719230460;1.3816556;1.351892178;26.5;-8.7
1719252060;1.203435311;1.165197086;12.5;-2.9
1719273660;1.336803228;1.224834411;28.4;-3.8
1719295260;1.159309275;1.092983039;34.5;-7.4
1719316860;1.032643392;0.973569683;27.6;-7.3
1719338460;0.770175431;0.642789942;37.7;-7.1
1719360060;0.944744225;0.871483181;49.4;-8.8
1719381660;0.769764419;0.609636211;34.8;-9.0
1719403260;0.692794839;0.578182214;19.1;-9.9
1719424860;0.713169108;0.593498664;6.6;-2.7
1719446460;0.853704422;0.733218481;12.5;-4.0
1719468060;0.838499736;0.671692492;16.7;-6.4
1719489660;0.80798295;0.662454281;13.5;-7.7
1719511260;0.986236742;0.880971831;6.0;-1.6
1719532860;1.196853883;1.186662742;20.0;-3.2
1719554460;1.135677197;1.040844789;31.7;-5.4
1719576060;1.093881178;1.014556628;35.2;-5.9
1719597660;1.457351772;1.341031872;38.8;-6.3
1719619260;1.942435731;1.785060408;42.4;-6.8
1719640860;2.081879769;1.820946781;45.6;-8.8
1719662460;1.587659539;1.534986822;35.3;-10.0
1719684060;1.416691897;1.380650178;25.7;-4.2
1719705660;1.242792922;1.256651233;37.0;-9.1
1719727260;0.634575589;0.578642461;40.8;-9.8
1719748860;0.519926211;0.430736397;37.0;-9.8
1719770460;0.487128719;0.373265628;10.3;-3.2
1719792060;0.4307102;0.420587586;8.0;-5.0
1719813660;0.308999583;0.197457761;4.0;-3.1
1719835260;0.280882242;0.173862936;0.8;-1.8
1719856860;0.288976039;0.232016842;1.6;2.7
1719878460;0.286589128;0.220556911;3.8;1.2
1719900060;0.246324561;0.150552983;1.7;-0.2
1719921660;0.229289;0.136189111;1.8;-2.3
1719943260;0.250731017;0.191763333;1.6;1.2
1719964860;0.2197892;0.158877972;1.7;1.1
1719986460;0.27839355;0.167844117;1.7;-0.8
1720008060;0.394254922;0.319872139;2.0;1.3
1720029660;0.655930181;0.569707175;3.7;5.4
1720051260;0.617054467;0.557763461;1.7;3.4
1720072860;0.560690111;0.480200156;1.3;1.5
1720094460;0.415791961;0.369148017;1.1;0.4
1720116060;0.610875994;0.537993719;2.3;3.5
1720137660;0.909578358;0.798277894;2.8;0.7
1720159260;0.8889282;0.725917481;3.3;-2.8
1720180860;0.683491953;0.587639317;11.8;-8.6
1720202460;1.5368038;1.448875472;3.4;-2.6
1720224060;1.651412619;1.601293403;9.6;-3.4
1720245660;2.143170417;1.881946397;15.6;-7.3
1720267260;1.714697297;1.661889228;8.0;-8.2
1720288860;1.884771483;1.640852975;18.1;-5.0
1720310460;2.092737967;1.889275636;38.0;-8.4
1720332060;1.93650905;1.694894333;44.1;-8.8
1720353660;1.485512117;1.420192872;38.4;-9.6
1720375260;1.14487815;1.083315317;25.5;-5.1
1720396860;1.509688286;1.411983044;36.1;-6.0
1720418460;0.975653239;0.867549939;42.3;-10.3
1720440060;0.883367039;0.794423906;26.0;-10.3
1720461660;1.214302625;1.117377942;22.6;-5.5
1720483260;1.864338519;1.681133764;44.0;-7.0
1720504860;1.340225933;1.164394233;62.5;-12.3
1720526460;0.743274347;0.625404917;58.6;-14.2
1720548060;0.616880022;0.541449994;29.9;-11.8
1720569660;0.791586125;0.728259239;27.8;-12.5
1720591260;0.509260544;0.448225853;20.2;-14.2
1720612860;0.720146333;0.547401228;11.2;-12.7
1720634460;0.815304633;0.638538136;15.6;-11.1
1720656060;0.962082067;0.804960808;24.7;-11.5
1720677660;0.619713253;0.580753469;24.2;-15.8
1720699260;0.485783781;0.446921081;24.1;-17.0
1720720860;0.393729186;0.362230869;9.9;-10.7
1720742460;0.595042625;0.547364531;14.7;-10.2
1720764060;0.445942367;0.369248464;21.3;-13.8
1720785660;0.312622822;0.224949033;15.3;-15.6
1720807260;0.400534175;0.367014136;10.5;-8.5
1720828860;0.530183553;0.468618981;18.3;-8.4
1720850460;0.255266983;0.148122531;17.3;-12.9
1720872060;0.176535444;0.128910489;9.0;-12.9
1720893660;0.147074369;0.136852867;4.3;-8.2
1720915260;0.355533928;0.317364594;9.2;-8.0
1720936860;0.413814953;0.322182453;12.3;-10.1
1720958460;0.379746031;0.322914756;9.5;-11.0
1720980060;0.385762072;0.331738722;4.2;-7.3
1721001660;0.69265255;0.603839114;4.8;-4.7
1721023260;0.622224517;0.543724331;7.2;-8.5
1721044860;0.589337547;0.514053153;6.8;-10.0
1721066460;0.416705008;0.39245355;6.1;-4.3
1721088060;0.446315753;0.425371106;6.4;-4.0
1721109660;0.495769944;0.41735605;5.9;-5.3
1721131260;0.682412308;0.560516469;3.6;-3.9
1721152860;0.660916425;0.576305181;3.6;-0.2
1721174460;0.696208647;0.601773775;4.4;0.0
1721196060;1.100222231;0.986929236;4.4;-1.0
1721217660;1.300416286;1.196343419;5.3;0.4
1721239260;1.212218633;1.115688175;6.5;2.8
1721260860;0.792793858;0.684382108;5.8;1.8
1721282460;0.610165797;0.512371933;5.5;-1.4
1721304060;1.182010061;1.178082142;4.6;-3.4
1721325660;1.67320945;1.545820881;10.3;0.4
1721347260;1.8777296;1.672107186;10.5;-0.7
1721368860;1.811060581;1.596756842;27.2;-4.5
1721390460;1.808103664;1.615681819;26.8;-4.4
1721412060;2.406298511;2.03968385;14.1;1.7
1721433660;2.383093192;2.01802945;19.4;-0.7
1721455260;2.179067089;1.840819986;23.7;-3.5
1721476860;1.916226008;1.706469325;22.7;-4.5
1721498460;1.830944342;1.701091719;17.6;-0.3
1721520060;1.961820425;1.737738103;25.6;-2.5
1721541660;2.6321612;2.144378378;33.3;-6.2
1721563260;3.999463403;2.229739192;41.1;-4.9
1721584860;2.506566103;1.8254058;22.4;-2.5
1721606460;2.055582278;1.725027878;24.3;-4.3
1721628060;2.307270611;1.901201353;45.4;-6.7
1721649660;3.396524122;2.479795914;41.4;-5.7
1721671260;3.235921083;2.496575936;38.2;-2.9
1721692860;4.150953644;2.626044503;58.1;-4.6
1721714460;3.949891661;3.068941658;62.1;-6.0
1721736060;3.268748594;2.787263086;69.3;-7.1
1721757660;1.772015536;1.631805453;40.3;-3.9
1721779260;1.944843972;1.769966511;44.4;-5.0
1721800860;0.942121406;0.731201908;52.5;-10.1
1721822460;0.474493136;0.412419119;16.2;-11.0
1721844060;0.541547394;0.471393181;8.4;-4.5
1721865660;1.129256225;1.088897408;8.7;-3.0
1721887260;0.972042714;0.861247322;12.6;-4.1
1721908860;2.171130478;1.891169142;16.6;-5.3
1721930460;3.376936433;2.727576942;12.3;-0.6
1721952060;3.025381167;2.511214375;16.2;-3.4
1721973660;2.080251158;1.77298945;21.9;-6.9
1721995260;1.13499635;1.098260031;19.6;-6.6
1722016860;0.721323858;0.652104989;18.1;-3.2
1722038460;0.662922447;0.648193556;15.3;-3.0
1722060060;0.577089364;0.465217878;20.1;-6.9
1722081660;0.436444253;0.348185892;5.2;-4.7
1722103260;0.427134258;0.370075728;3.7;-0.9
1722124860;0.665257503;0.646354808;14.4;-2.0
1722146460;0.661888489;0.544702533;24.2;-5.7
1722168060;0.541795897;0.430167553;22.4;-6.8
1722189660;0.440308719;0.387042064;4.4;-1.0
1722211260;0.669880711;0.6481332;16.8;-1.9
1722232860;0.673655678;0.558599789;32.3;-6.5
1722254460;0.552811183;0.453078186;18.5;-6.8
1722276060;0.435326036;0.401428586;4.6;-1.6
1722297660;0.540212942;0.522447475;12.9;-1.9
1722319260;0.516812069;0.417511256;17.2;-5.0
1722340860;0.453071425;0.377328786;13.3;-5.7
1722362460;0.554539022;0.479047844;4.9;-0.7
1722384060;0.868077092;0.764589297;8.8;-0.9
1722405660;0.908699972;0.772905239;13.4;-2.4
1722427260;0.725778461;0.620922536;20.7;-5.1
1722448860;0.699736372;0.610094044;16.5;-1.4
1722470460;0.900435736;0.83219185;17.7;-2.3
1722492060;0.773301742;0.6013647;19.9;-6.1
1722513660;0.540865683;0.427909664;6.3;-7.9
1722535260;0.604575819;0.532253428;6.1;-1.3
1722556860;1.078401914;1.051763978;21.6;-2.9
1722578460;1.049759958;0.954337825;25.6;-7.9
1722600060;1.073570639;0.977981417;26.7;-10.1
1722621660;1.152666269;1.087233;20.0;-4.6
1722643260;2.010757503;1.738537808;37.8;-5.5
1722664860;1.624264083;1.505704631;48.0;-10.2
1722686460;1.500557756;1.348120503;56.8;-12.4
1722708060;1.303192453;1.190760781;22.2;-4.9
1722729660;2.023602025;1.756451397;31.8;-5.2
1722751260;1.549633314;1.358885561;47.2;-10.0
1722772860;1.366293683;1.31689855;27.6;-10.7
1722794460;1.33648855;1.266762681;19.3;-5.4
1722816060;1.601942303;1.482188517;38.3;-5.9
1722837660;1.122392992;0.975338625;43.7;-10.7
1722859260;0.911648397;0.815088831;32.5;-12.5
1722880860;0.979653047;0.886325089;15.8;-5.8
1722902460;1.522391872;1.480959364;33.9;-6.3
1722924060;1.169508456;1.002756514;41.7;-11.1
1722945660;0.842667764;0.716514125;33.8;-12.3
1722967260;1.694598322;1.525858081;39.8;-7.3
1722988860;2.224362367;1.924614278;49.7;-8.6
1723010460;1.419958239;1.223369633;65.6;-13.5
1723032060;0.852825214;0.754613153;42.3;-15.8
1723053660;0.941564439;0.845027542;31.4;-9.2
1723075260;1.271919439;1.178733275;29.6;-8.7
1723096860;0.866201486;0.740245272;33.8;-13.1
1723118460;0.820442814;0.72765335;15.4;-13.2
1723140060;0.739823981;0.629626942;9.1;-7.4
1723161660;0.802636158;0.695437981;13.2;-7.1
1723183260;0.677881111;0.575122183;25.9;-13.2
1723204860;0.540811375;0.512460881;19.7;-13.7
1723226460;0.334541586;0.279828458;8.8;-6.7
1723248060;0.330851972;0.280126433;3.3;-5.3
1723269660;0.463088678;0.372658008;8.1;-7.4
1723291260;0.487616411;0.402691772;7.6;-8.8
1723312860;0.543437436;0.469647144;4.4;-5.4
1723334460;0.719956106;0.648483008;8.0;-5.9
1723356060;0.56463195;0.520326108;8.7;-9.5
1723377660;0.359761192;0.331691167;5.2;-8.4
1723399260;0.331673936;0.304430483;4.6;-3.8
1723420860;0.395489231;0.364002294;4.4;-3.9
1723442460;0.476375344;0.352991444;4.0;-5.0
1723464060;0.476755947;0.377773419;5.4;-6.1
1723485660;0.470129778;0.408852811;3.5;-2.0
1723507260;0.609207044;0.525270556;4.9;-2.8
1723528860;0.477793469;0.401778183;7.4;-6.6
1723550460;0.340267878;0.285604219;11.7;-8.3
1723572060;0.366072919;0.375561725;10.6;-4.2
1723593660;0.600239183;0.602647325;12.6;-3.6
1723615260;0.499106769;0.469678869;24.3;-8.7
1723636860;0.312823744;0.202310064;21.0;-9.7
1723658460;0.586559917;0.502233933;2.3;-1.9
1723680060;0.830037064;0.742028794;8.6;-1.9
1723701660;0.804396942;0.659171686;17.8;-5.3
1723723260;0.735367839;0.604723347;14.8;-7.1
1723744860;0.811265303;0.734270211;10.3;-0.6
1723766460;1.171787406;1.105894667;19.4;-1.4
1723788060;1.316960925;1.222730075;22.9;-4.8
1723809660;2.170681375;1.944321622;28.8;-6.0
1723831260;2.585440978;2.183090922;22.3;1.2
1723852860;2.397354547;1.956335386;23.1;-0.9
1723874460;1.584820019;1.479073167;34.0;-6.3
1723896060;1.837384733;1.657701386;37.4;-7.2
1723917660;2.300326717;1.887362906;28.7;-1.1
1723939260;2.652195275;2.184202575;30.5;-1.0
1723960860;2.464260928;1.998186881;43.5;-4.6
1723982460;2.34182335;1.909995125;41.6;-5.2
1724004060;1.823476511;1.564570469;32.9;-0.7
1724025660;1.843889239;1.720148814;35.7;-1.7
1724047260;2.464260928;1.078735719;53.3;-7.6
1724068860;2.34182335;0.846234558;54.6;-9.8
1724090460;1.823476511;0.570059758;25.6;-2.4
1724112060;1.843889239;1.523696256;29.0;-2.4
1724133660;1.661319622;1.483713686;31.5;-6.4
1724155260;2.437291733;2.032682064;52.0;-8.7
1724176860;2.303103175;1.936346189;34.5;-2.6
1724198460;3.647660356;2.894852847;47.4;-4.4
1724220060;2.662387053;2.062065231;63.2;-7.6
1724241660;1.81411025;1.583024031;74.0;-10.0
1724263260;1.798992792;1.592449378;75.7;-7.4
1724284860;1.623236094;1.492298939;54.3;-6.6
1724306460;1.059375842;0.975964839;89.0;-11.5
1724328060;0.779385775;0.701169883;83.5;-14.1
1724349660;1.038507286;0.947571347;33.9;-8.1
1724371260;1.056413417;0.994195397;31.6;-8.3
1724392860;0.837259019;0.712472247;48.0;-14.6
1724414460;0.8200469;0.677558206;20.1;-13.6
1724436060;0.954909594;0.805489031;11.9;-5.6
1724457660;1.051772811;0.92816885;14.0;-5.5
1724479260;1.245917344;1.137898428;21.9;-11.4
1724500860;0.84704315;0.690204478;21.9;-10.8
1724522460;0.565403633;0.476304339;9.3;-2.9
1724544060;0.600628061;0.52897205;11.8;-3.2
1724565660;0.482453194;0.384532644;13.4;-6.5
1724587260;0.394937403;0.286178811;5.1;-5.9
1724608860;0.413047742;0.365951408;2.5;-0.4
1724630460;0.468572769;0.438310283;7.4;-1.8
1724652060;0.474838067;0.378921778;7.9;-4.3
1724673660;0.391898025;0.293928722;3.8;-3.6
1724695260;0.467265897;0.399524575;4.1;-0.4
1724716860;0.803778408;0.758378406;12.3;-2.3
1724738460;1.23086595;1.117441614;17.9;-7.1
1724760060;1.232803667;1.122568956;16.8;-9.2
1724781660;1.091640881;0.996627861;10.4;-2.4
1724803260;1.55917535;1.337872006;29.3;-3.7
1724824860;0.600579781;0.471072053;26.6;-8.2
1724846460;0.455424464;0.360254747;9.9;-8.2
1724868060;0.518016086;0.454060331;7.1;-1.3
1724889660;1.357795917;1.235981694;25.1;-2.2
1724911260;0.968563044;0.767739228;36.1;-7.0
1724932860;0.699721;0.531561381;21.4;-7.2
1724954460;1.006821508;0.907452594;16.0;-1.2
1724976060;2.220537419;1.885206314;39.4;-2.3
1724997660;1.724717083;1.300248281;60.8;-8.0
1725019260;1.199755361;1.095152689;29.1;-8.2
1725040860;0.795263147;0.740524964;21.5;-3.4
1725062460;1.319636456;1.174133769;26.8;-3.8
1725084060;0.518923408;0.418602653;14.6;-8.6
1725105660;0.685177144;0.579598608;7.1;-9.9
1725127260;0.900376092;0.813787022;5.0;-2.4
1725148860;1.562112281;1.496785722;21.4;-3.5
1725170460;1.344478461;1.158485253;26.8;-6.9
1725192060;1.430598822;1.30650945;16.4;-6.4
1725213660;0.753190433;0.704178664;11.0;-2.0
1725235260;0.893362761;0.895341842;9.2;-1.4
1725256860;1.820931381;1.590949608;16.9;-3.4
1725278460;2.252078708;1.901817003;20.1;-3.6
1725300060;1.719321367;1.557704925;13.3;1.5
1725321660;1.656849703;1.504697267;15.6;0.2
1725343260;0.954441089;0.819612586;21.1;-4.4
1725364860;0.524584592;0.436768925;14.7;-4.2
1725386460;0.482617292;0.518479089;5.3;1.7
1725408060;0.7899013;0.726003889;9.1;0.4
1725429660;0.797890633;0.687446536;15.1;-5.3
1725451260;0.6654812;0.584830939;21.8;-5.9
1725472860;0.834047697;0.746751239;9.3;-0.4
1725494460;0.766876297;0.705127561;9.1;-1.8
1725516060;0.361381331;0.256189144;8.1;-4.3
1725537660;0.305458508;0.176568656;4.4;-3.6
1725559260;0.435452808;0.399873906;1.7;-0.4
1725580860;0.577466544;0.50827935;3.9;-2.3
1725602460;0.745178633;0.609492011;7.0;-7.1
1725624060;0.53526605;0.447739078;4.6;-9.2
1725645660;0.44871415;0.434202572;4.2;-2.4
1725667260;0.527842106;0.495176253;6.1;-3.7
1725688860;0.384791086;0.288048886;7.0;-8.2
1725710460;0.352848658;0.237022028;7.3;-8.2
1725732060;0.362473972;0.336595444;3.0;-1.3
1725753660;0.482024269;0.464313594;5.4;-2.2
1725775260;0.3736267;0.297597819;6.7;-7.0
1725796860;0.312333431;0.2228731;3.8;-7.2
1725818460;0.299446919;0.277346678;2.0;-1.2
1725840060;0.592799503;0.547270569;5.6;-2.3
1725861660;0.543460211;0.447755917;6.6;-8.0
1725883260;0.589554469;0.468886378;2.6;-8.2
1725904860;0.853522964;0.746437733;4.4;-3.4
1725926460;0.732294444;0.635042897;6.4;-3.8
1725948060;1.294628728;0.516504444;4.6;-8.6
1725969660;2.265217714;0.520204925;3.0;-9.9
1725991260;1.868681594;0.689673586;4.3;-2.4
1726012860;2.276526289;0.811598831;6.0;-3.5
1726034460;1.294628728;1.135476614;8.6;-6.9
1726056060;2.265217714;1.800516753;10.4;-6.4
1726077660;1.868681594;1.624677006;7.7;-2.0
1726099260;2.276526289;1.791315256;10.1;-1.4
1726120860;2.360232592;1.894179289;15.2;-5.8
1726142460;2.182031753;1.838422794;16.7;-7.0
1726164060;2.093716569;1.739516658;13.0;-0.9
1726185660;2.317092239;1.847752661;15.3;-2.5
1726207260;2.091909086;1.827593686;24.8;-7.2
1726228860;1.828835125;1.648616453;30.5;-8.4
1726250460;1.910790353;1.73695505;20.8;-3.3
1726272060;1.871612661;1.715991411;22.8;-5.4
1726293660;1.770975786;1.630130867;33.5;-7.8
1726315260;1.696201717;1.614550836;36.3;-7.2
1726336860;1.772525558;1.635952897;23.5;-2.1
1726358460;1.805869564;1.665575553;22.0;-5.3
1726380060;1.417776131;1.340295447;32.1;-11.1
1726401660;0.57119885;0.520172917;33.9;-11.1
1726423260;0.381622411;0.330639586;4.5;-1.3
1726444860;0.616040367;0.555911069;6.7;-2.6
1726466460;0.562809458;0.482136008;9.9;-3.5
1726488060;0.457559392;0.389313042;9.6;-3.7
1726509660;0.519759408;0.479732889;5.0;1.3
1726531260;0.749682714;0.697101753;6.7;-1.7
1726552860;1.460459044;1.323481853;30.8;-6.5
1726574460;1.753285133;1.566461681;46.2;-7.0
1726596060;1.091835906;1.005307142;21.1;-0.6
1726617660;1.097997914;1.077937247;15.0;-3.0
1726639260;0.901335425;0.758726983;37.4;-7.0
1726660860;0.437717986;0.339306033;13.9;-3.9
1726682460;0.532748553;0.564102264;9.5;0.9
1726704060;1.954445881;1.764240339;27.0;-1.9
1726725660;1.456909669;1.364331897;53.4;-8.7
1726747260;1.139154347;1.051867986;57.7;-8.1
1726768860;0.933246261;0.877912186;11.9;-0.1
1726790460;1.760269161;1.656952842;22.2;-2.8
1726812060;1.239131381;1.13084575;30.0;-7.0
1726833660;0.870830411;0.774074461;18.3;-6.5
1726855260;0.778836383;0.691002947;8.6;0.6
1726876860;0.914642878;0.846396967;11.0;-0.5
1726898460;0.63962645;0.539985717;15.4;-3.6
1726920060;0.578895056;0.489408497;13.8;-3.7
1726941660;0.529974606;0.478774556;6.4;2.3
1726963260;0.7198345;0.625276256;9.3;1.7
1726984860;0.64004085;0.509399644;14.1;-2.4
1727006460;0.588377217;0.510488169;4.4;-2.1
1727028060;0.795289564;0.800759389;6.7;1.9
1727049660;1.513803133;1.478967606;11.0;1.3
1727071260;1.614369536;1.512212608;20.8;-2.7
1727092860;2.225939669;1.901204964;22.9;-2.9
1727114460;3.0027493;2.654019511;11.1;2.2
1727136060;3.431836206;2.771273006;10.2;2.5
1727157660;3.783810311;3.546331033;15.4;-2.0
1727179260;3.821421622;3.630593372;19.1;-2.8
1727200860;4.057670531;3.776745889;22.3;1.2
1727222460;3.868525069;3.460421044;21.2;1.3
1727244060;3.685800997;3.390549181;43.1;-1.7
1727265660;3.392315606;3.052602703;28.8;-5.5
1727287260;3.216861344;2.70445165;29.4;0.4
1727308860;2.164930936;1.792906672;26.9;-1.5
1727330460;1.281694244;1.129800992;46.4;-8.3
1727352060;0.46823775;0.368268533;47.6;-9.1
1727373660;0.287386767;0.236891456;7.6;-0.8
1727395260;0.651385586;0.643063428;15.5;-0.3
1727416860;0.333401278;0.217929572;16.2;-4.3
1727438460;0.268479289;0.158194417;5.0;-5.2
1727460060;0.328424217;0.318938008;2.6;1.3
1727481660;0.502066775;0.424430492;5.4;0.6
1727503260;0.413832864;0.307255539;13.9;-3.3
1727524860;0.330766747;0.206677617;5.1;-2.6
1727546460;0.475735772;0.396296586;3.9;3.0
1727568060;0.945390642;0.859803139;13.2;0.5
1727589660;0.663550186;0.539926931;17.0;-3.1
1727611260;0.422938731;0.327786897;9.3;-3.7
1727632860;0.500709325;0.440914289;3.0;1.9
1727654460;0.734106206;0.646804408;9.1;0.8
1727676060;0.755509617;0.604830953;20.3;-3.5
1727697660;0.639012617;0.541422444;11.1;-4.4
1727719260;0.837719997;0.780104253;11.4;1.5
1727740860;1.109985556;1.010623153;17.3;0.3
1727762460;0.890646186;0.683441925;26.9;-3.8
1727784060;0.767785606;0.582098203;19.4;-4.1
1727805660;0.713668794;0.633252139;4.5;2.6
1727827260;0.989702031;0.906005089;9.5;1.9
1727848860;1.148657672;1.006393381;16.1;-1.7
1727870460;1.216870028;1.076726992;14.4;-1.6
1727892060;0.996580439;0.913527536;9.7;3.1
1727913660;1.209161833;1.116153672;12.2;1.9
1727935260;0.907984447;1.030186006;16.0;-1.9
1727956860;0.717081844;0.970608206;3.9;0.4
1727978460;0.883538542;0.905780783;4.3;6.9
1728000060;1.052262836;0.848083497;6.7;4.0
1728021660;1.046569219;0.913035472;4.6;2.0
1728043260;1.070640211;0.962120006;5.8;1.0
1728064860;1.2638879;1.109325206;9.8;5.1
1728086460;2.077317156;1.767548753;13.0;4.1
1728108060;3.173672389;2.692266181;15.3;2.2
1728129660;3.4246609;3.200499672;15.3;2.2
1728151260;3.985262822;3.529629242;19.4;6.3
1728172860;4.909043197;4.728193;26.1;4.2
1728194460;5.582330497;5.244991447;32.8;1.5
1728216060;5.371152431;5.267593547;47.2;0.7
1728237660;4.7965817;4.914037453;35.6;5.2
1728259260;4.353671567;4.597647817;42.0;0.0
1728280860;3.883211592;3.395063294;51.7;-4.1
1728302460;5.491634322;4.651636628;69.5;-4.9
1728324060;5.260711803;3.344795822;58.8;0.8
1728345660;4.643370133;2.620695056;81.5;-2.3
1728367260;4.094265356;2.132370711;94.2;-3.4
1728388860;3.573276064;0.838983842;96.4;-3.8
1728410460;3.052910239;1.227660453;98.2;-3.6
1728432060;2.532558964;1.504044411;96.2;-4.1
1728453660;2.01199065;0.800306583;86.8;-8.8
1728475260;1.4911353;0.459460297;49.6;-10.7
1728496860;1.503195319;1.120439903;35.3;-3.6
1728518460;2.193599367;1.517793983;35.4;-3.1
1728540060;0.861607197;0.638662047;43.1;-9.5
1728561660;0.792952683;0.695184722;39.5;-11.6
1728583260;1.365108211;1.528047492;64.0;-9.9
1728604860;1.108884214;0.882672281;42.3;-10.0
1728626460;1.371357758;0.459853417;20.8;-9.9
1728648060;0.884267219;0.355195867;10.4;-8.0
1728669660;0.50500665;0.350491753;7.6;-0.9
1728691260;0.516619411;0.498575444;11.6;-1.3
1728712860;0.441607942;0.364701497;12.2;-4.2
1728734460;0.359793894;0.290731086;3.4;-2.6
1728756060;0.393656881;0.378640075;3.8;2.5
1728777660;0.626063231;0.578673083;8.6;1.4
1728799260;0.426271522;0.338513483;9.1;-2.5
1728820860;0.3676541;0.296571658;2.8;-1.1
1728842460;0.399559478;0.388419819;2.8;4.0
1728864060;0.830448128;0.73966885;10.0;2.4